"Guid","CurrencyIsoCode","Name","SBQQ__Description__c","SBQQ__LowerBound__c","SBQQ__OriginalPrice__c","SBQQ__Price__c","SBQQ__PricingMethod__c","SBQQ__ProcessingOrder__c","SBQQ__QuoteLineConsumptionSchedule__c","SBQQ__UpperBound__c"
004662a6-67b9-4265-b9e9-175c3234b304,USD,R-000001,"#N/A",1.0,150.0,150.0,PerUnit,1.0,31b08e85-75c9-41ee-a573-56b2b06887f4,11.0
0061c9c0-e64d-4aa0-b1bd-c824670f4d03,USD,R-000003,"#N/A",21.0,120.0,120.0,PerUnit,3.0,0992dfe3-c303-4178-bbe4-fcba2610d135,51.0
008a48fe-63a7-433f-901d-66233a866785,USD,R-000001,"#N/A",1.0,150.0,150.0,PerUnit,1.0,1788052b-1860-4983-9557-031225eb2483,11.0
00b6dd31-121b-45a5-a592-fd1e7f72932b,USD,R-000004,"#N/A",51.0,105.0,105.0,PerUnit,4.0,ddf5fe4c-d3c5-48a3-b5df-74144c934f90,101.0
00f2ad7c-9f21-4f65-8644-35dbf0d0479a,USD,R-000005,"#N/A",101.0,100.0,100.0,PerUnit,5.0,60eea361-66ac-45a7-9aef-bfd4ed959ce9,"#N/A"
0109de9f-bc2d-40c3-a572-86ea02cc8c64,USD,R-000001,"#N/A",1.0,150.0,150.0,PerUnit,1.0,3593b5c2-ea67-48c3-b164-a4820661f1b2,11.0
011194b9-30ad-41c1-9294-ea163e0e9e78,USD,R-000002,"#N/A",11.0,135.0,135.0,PerUnit,2.0,95b1ee24-80f5-4fa7-b1e4-f98a6e1daae0,21.0
020d073b-a86f-4a8c-ac2e-0bf3703c26ec,USD,R-000005,"#N/A",101.0,100.0,100.0,PerUnit,5.0,190f0414-63f1-4e50-903f-b69e32986104,"#N/A"
02aaa4c0-fc67-434b-a175-17922ddefcec,USD,R-000010,"#N/A",101.0,11.0,11.0,PerUnit,2.0,1229dd79-d94c-43d3-a0d2-240abda368af,201.0
03152433-cb6a-43b6-8db9-b8728960537f,USD,R-000005,"#N/A",101.0,100.0,100.0,PerUnit,5.0,8e124a8c-111c-4fec-916f-552a2cf55b1a,"#N/A"
032ccd34-9b48-4f40-9aec-7615d25952eb,USD,R-000003,"#N/A",21.0,120.0,120.0,PerUnit,3.0,1b198f7c-b5b0-4d91-9ba1-9e638d96e114,51.0
03a65fdd-ae7d-4667-9e97-8610763cde90,USD,R-000001,"#N/A",1.0,150.0,150.0,PerUnit,1.0,4d1ce004-a61a-4c1e-9fc5-bbc454db5f9f,11.0
04789bab-c488-4bd7-a687-a2a3df792cda,USD,R-000003,"#N/A",21.0,120.0,120.0,PerUnit,3.0,743f006f-6562-40ba-90b1-7e94cea36afc,51.0
04940755-ab2e-42a8-ac21-df74d89b0fe6,USD,R-000003,"#N/A",21.0,120.0,120.0,PerUnit,3.0,7b3ae318-2d20-4605-905b-e3667d1c1088,51.0
05099701-9ca8-4589-98eb-cbf7d762cc54,USD,R-000004,"#N/A",51.0,105.0,105.0,PerUnit,4.0,488b81d7-11b0-4b87-bfa7-986540357881,101.0
056becfd-2393-47ab-b9e1-15a2692dcadb,USD,R-000001,"#N/A",1.0,150.0,150.0,PerUnit,1.0,f2792fc2-13ff-4ac7-83f9-735e886ebe17,11.0
05758282-6d2c-481c-86f2-d02ebb26039d,USD,R-000001,"#N/A",1.0,150.0,150.0,PerUnit,1.0,95b1ee24-80f5-4fa7-b1e4-f98a6e1daae0,11.0
0633a32c-9c4d-4eb4-bc9c-09bbf55fea70,USD,R-000003,"#N/A",21.0,120.0,120.0,PerUnit,3.0,674d3bb0-744a-4ea2-b1a7-17bce82e6170,51.0
06ee5a79-1734-4e00-93b1-266b7bb6f956,USD,R-000003,"#N/A",21.0,120.0,120.0,PerUnit,3.0,13dd5b31-cb15-41e3-b473-d1b247be25b7,51.0
0757ce10-c2dc-4786-b4df-bdc415ca4558,USD,R-000003,"#N/A",21.0,120.0,120.0,PerUnit,3.0,4c087689-8788-40b0-9f5f-83403013baed,51.0
07b12c7d-051d-46e1-bb68-e76a0e4b3502,USD,R-000001,"#N/A",1.0,150.0,150.0,PerUnit,1.0,7027dc9b-28df-4a95-a7f9-85051e31e308,11.0
09091e40-4d57-4134-829c-4f8e3e0fc610,USD,R-000001,"#N/A",1.0,150.0,150.0,PerUnit,1.0,f199a845-f3d2-4461-ac87-ffb552cb8441,11.0
091880ff-d1d4-4f63-8278-2a050eb33b6c,USD,R-000003,"#N/A",21.0,120.0,120.0,PerUnit,3.0,5320e337-852e-45a3-9cc7-ec7410446fe6,51.0
098443e9-0ef3-42fd-bd7e-ec228eb172c2,USD,R-000001,"#N/A",1.0,150.0,150.0,PerUnit,1.0,baa02338-3f56-4d6f-818f-b3335ad830b1,11.0
0a140b83-55d4-4bf9-a47f-a38c080aced9,USD,R-000011,"#N/A",201.0,10.5,10.5,PerUnit,3.0,0f69ffb0-21e2-47bc-aba2-6852ebab7c63,301.0
0a237114-fb51-4b8b-b1b6-7d897defed40,USD,R-000001,"#N/A",1.0,150.0,150.0,PerUnit,1.0,351cbb62-7902-4194-a5a1-4614eddbd9f0,11.0
0a734620-58e3-4c0b-a74e-3e846faa31f1,USD,R-000004,"#N/A",51.0,105.0,105.0,PerUnit,4.0,4c087689-8788-40b0-9f5f-83403013baed,101.0
0ac09a4f-eab9-412a-be24-8b14f119315d,USD,R-000001,"#N/A",1.0,150.0,150.0,PerUnit,1.0,28086ff6-97c0-4129-986b-45e4ce7185d4,11.0
0b8569ec-cad7-46a9-9560-5b36c8683c12,USD,R-000005,"#N/A",101.0,100.0,100.0,PerUnit,5.0,f8f462b3-16db-4904-acd4-6f336067b27c,"#N/A"
0bfa5d74-8ad4-435f-9127-d5e14b8a0586,USD,R-000001,"#N/A",1.0,150.0,150.0,PerUnit,1.0,d9e3dddf-a068-408b-b2e6-934e73deac89,11.0
0c26387d-6dc6-4ad8-b745-44e0f17a3794,USD,R-000005,"#N/A",101.0,100.0,100.0,PerUnit,5.0,d133c9e6-8b69-4e64-a026-fea10ab4a40e,"#N/A"
0c7b6974-83dd-4dd1-9a8d-9c8de55dc87b,USD,R-000005,"#N/A",101.0,100.0,100.0,PerUnit,5.0,c2bd4934-dd8c-4284-b0a0-332dde9709b6,"#N/A"
0cab8231-e343-4725-b10b-2f98ad8829ab,USD,R-000005,"#N/A",101.0,100.0,100.0,PerUnit,5.0,cd8b594f-d331-4f4b-9c4c-d5aa979ce444,"#N/A"
0cc62439-42da-4d73-be1b-d6b2110ee7a7,USD,R-000010,"#N/A",101.0,11.0,11.0,PerUnit,2.0,680ad24a-e11e-463c-91b5-752245d96a8c,201.0
0cfa7a9b-dbf2-447a-9e9d-1e07476d7405,USD,R-000003,"#N/A",21.0,120.0,120.0,PerUnit,3.0,664a6275-17b4-484f-81ad-a7e119965714,51.0
0d876f30-cbaf-4ff3-928c-4538a209385f,USD,R-000001,"#N/A",1.0,150.0,150.0,PerUnit,1.0,d133c9e6-8b69-4e64-a026-fea10ab4a40e,11.0
0e4c9af9-2042-48a7-8e32-f9479bc8f10b,USD,R-000002,"#N/A",11.0,135.0,135.0,PerUnit,2.0,d7415d9b-e853-4442-a3c7-592267125bb3,21.0
0f59bb1d-4d80-440a-8110-a0e1f6341aad,USD,R-000004,"#N/A",51.0,105.0,105.0,PerUnit,4.0,664a6275-17b4-484f-81ad-a7e119965714,101.0
0f60987a-411e-42db-9b8f-cab03d5ed0b6,USD,R-000006,"#N/A",0.0,45000.0,45000.0,PerUnit,1.0,d17e4a56-4190-4687-a4a6-58a895294ccf,3.0
0f72610c-2c9d-4ca6-b2be-fa2a20b51464,USD,R-000003,"#N/A",21.0,120.0,120.0,PerUnit,3.0,a5d93aba-aa5b-45b0-9b2f-e60f1c9a00d1,51.0
0f8b49af-8f7d-4d1a-bd54-cdd69774e4ea,USD,R-000001,"#N/A",1.0,150.0,150.0,PerUnit,1.0,d5bf3eb0-8cb9-47c3-a833-714d15e53c80,11.0
0fcef1d5-f2b1-4263-8286-41c257ef8acf,USD,R-000005,"#N/A",101.0,100.0,100.0,PerUnit,5.0,dbb5916a-2884-4265-b1e3-02ad2ccca132,"#N/A"
0fe24e56-b17f-4ecf-a725-5d5f14de95dd,USD,R-000004,"#N/A",51.0,105.0,105.0,PerUnit,4.0,a5d93aba-aa5b-45b0-9b2f-e60f1c9a00d1,101.0
0fff188b-83c5-46cb-a558-5a37cc557011,USD,R-000002,"#N/A",11.0,135.0,135.0,PerUnit,2.0,b1135ad0-c537-466e-9fc8-2d7da0924337,21.0
100c47ed-d2b1-4ffe-bb51-38e3dea42100,USD,R-000004,"#N/A",51.0,105.0,105.0,PerUnit,4.0,d7811e22-6cc4-4997-940b-792384041cb4,101.0
101f2fcd-24a3-460e-8166-f3c35424ffd0,USD,R-000001,"#N/A",1.0,150.0,150.0,PerUnit,1.0,56364b70-5ef1-42df-b4e8-9d529b226c88,11.0
1041e6ff-6305-4ba0-b02a-568fd0f66c50,USD,R-000001,"#N/A",1.0,150.0,150.0,PerUnit,1.0,cd8b594f-d331-4f4b-9c4c-d5aa979ce444,11.0
108c817d-67bd-4b6f-8c62-cc6e0946afa5,USD,R-000005,"#N/A",101.0,100.0,100.0,PerUnit,5.0,3593b5c2-ea67-48c3-b164-a4820661f1b2,"#N/A"
10b726a1-3476-4bf0-8658-2f8edc8be0c3,USD,R-000001,"#N/A",1.0,150.0,150.0,PerUnit,1.0,c28139a2-18e9-457c-ba5e-df7b610288aa,11.0
11212059-2db0-46c0-96b3-e5be6474d551,USD,R-000009,"#N/A",1.0,12.0,12.0,PerUnit,1.0,897fd00a-afe2-406c-b6e6-371890f4c9a7,101.0
112144df-d471-48d7-be2b-b6095325e387,USD,R-000005,"#N/A",101.0,100.0,100.0,PerUnit,5.0,5c417950-d0eb-4b7e-9922-13004ddd37e3,"#N/A"
11e68fa3-637f-4489-9cf1-447f3a6a4430,USD,R-000004,"#N/A",51.0,105.0,105.0,PerUnit,4.0,7d91dff4-d1ed-4fd4-a187-86d58131010b,101.0
11ea0682-43e0-486a-ad5d-45dc9e523f4b,USD,R-000006,"#N/A",0.0,45000.0,45000.0,PerUnit,1.0,c97b470d-0eae-4d6e-a8df-0b4f9ffe9911,3.0
12526b1e-1546-43e5-b208-377f86c2103a,USD,R-000002,"#N/A",11.0,135.0,135.0,PerUnit,2.0,a7efa496-9fd0-4306-acbc-b8c7cc06dd86,21.0
1282336e-6a8f-442e-ba47-16a1b7788b1f,USD,R-000002,"#N/A",11.0,135.0,135.0,PerUnit,2.0,5320e337-852e-45a3-9cc7-ec7410446fe6,21.0
129c1ff7-106d-41b4-bcd8-87b421f4b49b,USD,R-000004,"#N/A",51.0,105.0,105.0,PerUnit,4.0,257d40dc-658d-4d3b-a4ea-91f74c23af6a,101.0
12ebca4f-a5d8-4a1d-9119-53a5f9144546,USD,R-000003,"#N/A",21.0,120.0,120.0,PerUnit,3.0,14549001-c717-4d40-a5ee-b4de868eb733,51.0
133d291c-3eaa-482a-9ee6-e31115e2f487,USD,R-000002,"#N/A",11.0,135.0,135.0,PerUnit,2.0,d366fb4c-c3b4-40ad-98ac-bf0ce943be48,21.0
1379e819-8216-47e3-a633-343878541e26,USD,R-000003,"#N/A",21.0,120.0,120.0,PerUnit,3.0,d9e3dddf-a068-408b-b2e6-934e73deac89,51.0
13cfe471-a2c8-461b-afdd-524e079d9495,USD,R-000004,"#N/A",51.0,105.0,105.0,PerUnit,4.0,a176c64f-4692-4efb-b409-6b5cd7e210bc,101.0
146a6897-a108-4742-a7cd-dbe08030224e,USD,R-000003,"#N/A",21.0,120.0,120.0,PerUnit,3.0,f7af2445-c89b-4110-a227-b39d305ded19,51.0
148074b7-d7b0-4fdb-9254-8c39104f3130,USD,R-000012,"#N/A",301.0,10.0,10.0,PerUnit,4.0,0f69ffb0-21e2-47bc-aba2-6852ebab7c63,"#N/A"
157dec9a-45b3-45e0-ba3b-b7d0b7503e66,USD,R-000001,"#N/A",1.0,150.0,150.0,PerUnit,1.0,8c8802a8-342a-4006-b67a-27ede155df3b,11.0
16d0ea12-7741-4fa8-a52e-30cd02ae2ec8,USD,R-000004,"#N/A",51.0,105.0,105.0,PerUnit,4.0,baa02338-3f56-4d6f-818f-b3335ad830b1,101.0
16e8f2c4-f649-4ca3-a849-ce6b0c64ca7b,USD,R-000003,"#N/A",21.0,120.0,120.0,PerUnit,3.0,249fb429-e83b-47dd-bbfd-34df13eb1169,51.0
17100177-d319-44fe-a684-72c8316e5b56,USD,R-000005,"#N/A",101.0,100.0,100.0,PerUnit,5.0,12fd7c0a-8405-48fa-aae0-a6a3ce35d109,"#N/A"
172880f8-80e0-466e-bea0-7d7616fde9bf,USD,R-000005,"#N/A",101.0,100.0,100.0,PerUnit,5.0,d7811e22-6cc4-4997-940b-792384041cb4,"#N/A"
1735f2c7-b448-454e-b36b-64a041601f26,USD,R-000001,"#N/A",1.0,150.0,150.0,PerUnit,1.0,846fc643-a304-47da-bf12-357945f4fb56,11.0
17e70f69-e458-47fe-9d10-a751b0a9f9bd,USD,R-000005,"#N/A",101.0,100.0,100.0,PerUnit,5.0,345f365d-981d-437d-bb20-fa3d57a9681b,"#N/A"
18157b59-66b5-4a63-8be7-b583d021a1b5,USD,R-000008,"#N/A",3.0,50000.0,50000.0,FlatFee,2.0,83772008-0ec0-4238-b561-f596231e07a7,"#N/A"
181af762-37c8-42e2-b69b-690be51f5d17,USD,R-000004,"#N/A",51.0,105.0,105.0,PerUnit,4.0,e9d93889-be37-4313-a91c-db9b7e642625,101.0
18636400-b21d-442b-9efc-4a3c27ec30cd,USD,R-000012,"#N/A",301.0,10.0,10.0,PerUnit,4.0,9ce54e2e-ecf1-48bd-b2b2-881bc031b0a1,"#N/A"
1885ded9-4bd3-47c0-a3a0-9f792fa63a77,USD,R-000001,"#N/A",1.0,150.0,150.0,PerUnit,1.0,4c087689-8788-40b0-9f5f-83403013baed,11.0
190b5845-ed85-4521-954f-c980ceff3e18,USD,R-000002,"#N/A",11.0,135.0,135.0,PerUnit,2.0,7cb71a5e-9a85-4d7b-800c-f8c742ec792a,21.0
194b8441-fcbd-4fdd-9436-502047859fc7,USD,R-000003,"#N/A",21.0,120.0,120.0,PerUnit,3.0,3882f13c-7d18-4046-8f59-1020f1ce14fa,51.0
19ea935c-dfd2-478f-9f1c-4644ff19e638,USD,R-000003,"#N/A",21.0,120.0,120.0,PerUnit,3.0,1539a098-23b6-47ef-854e-5d4dab30f9b5,51.0
1a0cd04c-5281-43bd-bf36-d6677b38ca97,USD,R-000001,"#N/A",1.0,150.0,150.0,PerUnit,1.0,00a2a39a-ff04-4ec0-9475-c98f36866dee,11.0
1a44c11c-7e3f-4e37-847d-bdf84a864d07,USD,R-000005,"#N/A",101.0,100.0,100.0,PerUnit,5.0,a3eab918-0aaf-4163-bed8-31a454151ee2,"#N/A"
1aa6c4e9-5c8f-4330-8f85-bc912f1e5675,USD,R-000003,"#N/A",21.0,120.0,120.0,PerUnit,3.0,7fc7b0f1-182e-4585-bb52-644a78f2ad2c,51.0
1b181369-6cc2-4646-8148-5e8e72df9fb4,USD,R-000005,"#N/A",101.0,100.0,100.0,PerUnit,5.0,94b00c65-a57d-43a8-95b2-7abc3e910e04,"#N/A"
1b1d91ed-fd2c-48a8-8979-3e3aff33af21,USD,R-000004,"#N/A",51.0,105.0,105.0,PerUnit,4.0,d67ca019-47c0-4238-992b-745fd8439646,101.0
1b2fec20-d6a1-46d5-a89d-16220641be4c,USD,R-000002,"#N/A",11.0,135.0,135.0,PerUnit,2.0,baa02338-3f56-4d6f-818f-b3335ad830b1,21.0
1bd6c599-caa8-41c8-92db-bdb29db2596a,USD,R-000002,"#N/A",11.0,135.0,135.0,PerUnit,2.0,c79aa45a-1179-4d9c-b732-cbb2d1a73d4a,21.0
1c420ebc-5573-4a7f-9a5c-7dc2f33ed8da,USD,R-000003,"#N/A",21.0,120.0,120.0,PerUnit,3.0,a3eab918-0aaf-4163-bed8-31a454151ee2,51.0
1c6bd3b1-6024-408d-87e0-9f97ede3b5e8,USD,R-000002,"#N/A",11.0,135.0,135.0,PerUnit,2.0,19a01c13-cef3-4e8f-9475-93435fdc7d77,21.0
1c8090f0-fe40-4a8e-bac4-f2bf6db461da,USD,R-000002,"#N/A",11.0,135.0,135.0,PerUnit,2.0,c2bd4934-dd8c-4284-b0a0-332dde9709b6,21.0
1cd70621-b6e1-4f3c-8087-33c2a706430c,USD,R-000002,"#N/A",11.0,135.0,135.0,PerUnit,2.0,94b00c65-a57d-43a8-95b2-7abc3e910e04,21.0
1cf069e5-c452-4409-826b-528f7d0848de,USD,R-000011,"#N/A",201.0,10.5,10.5,PerUnit,3.0,1229dd79-d94c-43d3-a0d2-240abda368af,301.0
1d12c436-c597-4e4f-8b13-4dffe19e3a36,USD,R-000003,"#N/A",21.0,120.0,120.0,PerUnit,3.0,d9532868-bacd-4095-bfcb-967b25f9b7ec,51.0
1d8441c3-2169-43ef-815c-b29956b2c20f,USD,R-000002,"#N/A",11.0,135.0,135.0,PerUnit,2.0,ea0489fa-5bfc-4cb5-b386-c0af63317868,21.0
1e04820b-bbd4-4992-829b-827f5ddad0f8,USD,R-000005,"#N/A",101.0,100.0,100.0,PerUnit,5.0,22268117-9bb1-4023-ba5f-2ad98a1e3aeb,"#N/A"
1e13cc66-cacb-468a-be28-f447f1e7bd95,USD,R-000004,"#N/A",51.0,105.0,105.0,PerUnit,4.0,da6d66d7-631a-4e08-8491-3e4f9bf38954,101.0
1e6a4947-10ef-403f-911f-9ed2c36e3574,USD,R-000005,"#N/A",101.0,100.0,100.0,PerUnit,5.0,351cbb62-7902-4194-a5a1-4614eddbd9f0,"#N/A"
1eac4e94-eca8-4634-995c-941f2c635986,USD,R-000001,"#N/A",1.0,150.0,150.0,PerUnit,1.0,c201fcf5-077a-452e-8f5f-d0f7cfe17f66,11.0
1f16d6e4-4be8-4622-a3dd-bc3d4c382d25,USD,R-000004,"#N/A",51.0,105.0,105.0,PerUnit,4.0,dbb5916a-2884-4265-b1e3-02ad2ccca132,101.0
1f2810c2-7f0d-4408-9b8d-a6285b918f44,USD,R-000002,"#N/A",11.0,135.0,135.0,PerUnit,2.0,5c417950-d0eb-4b7e-9922-13004ddd37e3,21.0
1f8abddf-8ee7-4012-8bf0-d90cf7014bf3,USD,R-000003,"#N/A",21.0,120.0,120.0,PerUnit,3.0,5c417950-d0eb-4b7e-9922-13004ddd37e3,51.0
1fa2a7fe-be8b-48ae-9060-9087e8045f45,USD,R-000002,"#N/A",11.0,135.0,135.0,PerUnit,2.0,d133c9e6-8b69-4e64-a026-fea10ab4a40e,21.0
1fe6d037-cad8-495c-a1de-9676bf13867f,USD,R-000004,"#N/A",51.0,105.0,105.0,PerUnit,4.0,846fc643-a304-47da-bf12-357945f4fb56,101.0
204aab13-7f19-42e7-9277-4e7d517f7172,USD,R-000002,"#N/A",11.0,135.0,135.0,PerUnit,2.0,d67ca019-47c0-4238-992b-745fd8439646,21.0
20745ed5-11fa-4b74-a4b0-c64a5b615438,USD,R-000002,"#N/A",11.0,135.0,135.0,PerUnit,2.0,00a2a39a-ff04-4ec0-9475-c98f36866dee,21.0
2085f2bd-15f4-4a56-9386-cb7327bc720d,USD,R-000010,"#N/A",101.0,11.0,11.0,PerUnit,2.0,86750596-5858-4705-a3c1-ae758c654c3e,201.0
20ba93ff-9a82-462b-821c-255ed8950c29,USD,R-000005,"#N/A",101.0,100.0,100.0,PerUnit,5.0,19a01c13-cef3-4e8f-9475-93435fdc7d77,"#N/A"
20c58259-a8cd-41ab-abb7-4e2e84a9e883,USD,R-000008,"#N/A",3.0,50000.0,50000.0,FlatFee,2.0,b165348b-b479-456a-8960-dd8f864245d4,"#N/A"
2160a24e-9ea1-477f-9466-55c79982782e,USD,R-000001,"#N/A",1.0,150.0,150.0,PerUnit,1.0,72b14197-50cd-4b3a-80bd-3e6035d24ac5,11.0
21aeb20c-e079-4647-9920-bd7a50884114,USD,R-000004,"#N/A",51.0,105.0,105.0,PerUnit,4.0,ace073ad-d98e-4068-a17b-c347b619b32c,101.0
22661b26-2759-41df-9cca-a29ffc1d868d,USD,R-000002,"#N/A",11.0,135.0,135.0,PerUnit,2.0,aa128f28-2358-46fa-a75f-a4c462b87e3b,21.0
229c39e9-eda0-43a1-9ebd-0c9b5290777f,USD,R-000003,"#N/A",21.0,120.0,120.0,PerUnit,3.0,c07a4756-318b-4cb4-bcba-b1049f48f1d1,51.0
22aece76-bcbf-4928-a2fb-115d862f320d,USD,R-000002,"#N/A",11.0,135.0,135.0,PerUnit,2.0,31b08e85-75c9-41ee-a573-56b2b06887f4,21.0
22b2aa63-8d7c-4d71-a384-a0e9cb0d9d18,USD,R-000002,"#N/A",11.0,135.0,135.0,PerUnit,2.0,7fc7b0f1-182e-4585-bb52-644a78f2ad2c,21.0
232b7c37-636a-401f-9255-8bd9d2fddd58,USD,R-000002,"#N/A",11.0,135.0,135.0,PerUnit,2.0,d9532868-bacd-4095-bfcb-967b25f9b7ec,21.0
2333718c-8a4f-45fb-ac21-3c0b7adc4b0b,USD,R-000005,"#N/A",101.0,100.0,100.0,PerUnit,5.0,8c8802a8-342a-4006-b67a-27ede155df3b,"#N/A"
23efa35c-be18-4db2-a1ca-557b7ca7731c,USD,R-000003,"#N/A",21.0,120.0,120.0,PerUnit,3.0,ea0489fa-5bfc-4cb5-b386-c0af63317868,51.0
247cfd38-8097-49be-9cab-e091a4bd34bc,USD,R-000005,"#N/A",101.0,100.0,100.0,PerUnit,5.0,f2792fc2-13ff-4ac7-83f9-735e886ebe17,"#N/A"
252d5a47-5ea4-4ea1-9a94-b1fd0475ed51,USD,R-000005,"#N/A",101.0,100.0,100.0,PerUnit,5.0,7ed61196-eab3-4c2e-9189-44746b60a826,"#N/A"
25b73086-0d32-4857-a3ad-46b4f5cfe92b,USD,R-000008,"#N/A",3.0,50000.0,50000.0,FlatFee,2.0,ff5703f2-25e9-4b13-8ba0-8e3e318404f6,"#N/A"
25f2b5ec-6b78-4a66-8d0d-b431cd004a09,USD,R-000005,"#N/A",101.0,100.0,100.0,PerUnit,5.0,21782450-81c6-4682-9af0-5e65cac98214,"#N/A"
26709372-660b-4cfd-abac-ca3143929aee,USD,R-000005,"#N/A",101.0,100.0,100.0,PerUnit,5.0,13fdae05-615c-43b7-b295-7ff6e860a874,"#N/A"
272b3bcb-e378-4d0c-a60a-2a25bac8e665,USD,R-000003,"#N/A",21.0,120.0,120.0,PerUnit,3.0,e13eb79b-27eb-42fd-95b8-ac2bff081d26,51.0
279cd700-2aa3-4317-8878-95cb987d695b,USD,R-000002,"#N/A",11.0,135.0,135.0,PerUnit,2.0,6e4a87bf-e07f-4f44-b2c4-92d4f3049c50,21.0
27cf4528-39ec-4020-bac0-20cbcfe97f79,USD,R-000006,"#N/A",0.0,45000.0,45000.0,PerUnit,1.0,83772008-0ec0-4238-b561-f596231e07a7,3.0
27e38c4f-b769-4a4a-a68a-79b06357f41d,USD,R-000001,"#N/A",1.0,150.0,150.0,PerUnit,1.0,c5c6498b-ebfe-48a2-9893-47b747513c20,11.0
28a89941-557d-455f-89ab-3fa68631ce2f,USD,R-000003,"#N/A",21.0,120.0,120.0,PerUnit,3.0,d34fb3cc-97db-431f-9cad-304b0d14e47f,51.0
28af7272-046e-4f5f-9583-f8eefc2ce491,USD,R-000003,"#N/A",21.0,120.0,120.0,PerUnit,3.0,5be037c4-5bee-454d-9723-4b210352a5a0,51.0
2918a3b2-cdd1-4f6b-9ab2-e6363bf5e590,USD,R-000004,"#N/A",51.0,105.0,105.0,PerUnit,4.0,72b14197-50cd-4b3a-80bd-3e6035d24ac5,101.0
2964d36b-cc9b-4700-8549-2b21662233d3,USD,R-000001,"#N/A",1.0,150.0,150.0,PerUnit,1.0,674d3bb0-744a-4ea2-b1a7-17bce82e6170,11.0
29a47fb8-ff8c-4bcd-b2c1-4ea65c91102d,USD,R-000001,"#N/A",1.0,150.0,150.0,PerUnit,1.0,a7efa496-9fd0-4306-acbc-b8c7cc06dd86,11.0
29be1a5b-b3f4-449e-8308-19aa45ecfc28,USD,R-000002,"#N/A",11.0,135.0,135.0,PerUnit,2.0,3882f13c-7d18-4046-8f59-1020f1ce14fa,21.0
29ca08cf-aeee-4924-b070-cd5b232f1d7d,USD,R-000005,"#N/A",101.0,100.0,100.0,PerUnit,5.0,488b81d7-11b0-4b87-bfa7-986540357881,"#N/A"
29d4e8ca-e446-4b37-a062-d188c1bec2a0,USD,R-000005,"#N/A",101.0,100.0,100.0,PerUnit,5.0,00a2a39a-ff04-4ec0-9475-c98f36866dee,"#N/A"
2a1994d1-9294-4ba6-b3ae-ad0034bf0712,USD,R-000002,"#N/A",11.0,135.0,135.0,PerUnit,2.0,db94793e-bb7f-47ac-88c2-744eef4129f8,21.0
2a424d70-cbfb-4628-9f8e-7f2115642986,USD,R-000003,"#N/A",21.0,120.0,120.0,PerUnit,3.0,a218b24c-b79b-4898-a287-14db54e12c43,51.0
2a56b04a-3e31-4ecf-b602-18288b5b306c,USD,R-000003,"#N/A",21.0,120.0,120.0,PerUnit,3.0,60eea361-66ac-45a7-9aef-bfd4ed959ce9,51.0
2b15b432-2305-4700-bf1c-4e841b727102,USD,R-000002,"#N/A",11.0,135.0,135.0,PerUnit,2.0,14784cd4-82aa-43bb-ae05-9270c36bf64b,21.0
2b163154-e3ad-4752-b3c9-08c044dd2e9d,USD,R-000004,"#N/A",51.0,105.0,105.0,PerUnit,4.0,0d7b9347-562d-41e2-865d-2e5b1f333d0c,101.0
2b982c8a-0efb-404d-ba22-117656105e27,USD,R-000008,"#N/A",3.0,50000.0,50000.0,FlatFee,2.0,c97b470d-0eae-4d6e-a8df-0b4f9ffe9911,"#N/A"
2badd81e-fb0f-40b1-bfde-45b15af2f4a9,USD,R-000002,"#N/A",11.0,135.0,135.0,PerUnit,2.0,cca17b79-dcd9-4f5c-a2e4-664512b6853e,21.0
2bbe9845-fd48-4eb5-82bb-2458a1dda235,USD,R-000009,"#N/A",1.0,12.0,12.0,PerUnit,1.0,70e904c0-b4e8-4667-80cf-8ab0e6107e37,101.0
2be2e15c-e7fe-4a29-87de-1ea94bbea8d1,USD,R-000004,"#N/A",51.0,105.0,105.0,PerUnit,4.0,d8928b4d-a8e1-4275-98e6-212e2429cb28,101.0
2beb5aee-3be6-4b40-8be1-d2231864097e,USD,R-000005,"#N/A",101.0,100.0,100.0,PerUnit,5.0,da6d66d7-631a-4e08-8491-3e4f9bf38954,"#N/A"
2d5cc67e-a273-48d2-a1f5-2c479318e908,USD,R-000002,"#N/A",11.0,135.0,135.0,PerUnit,2.0,d9b19072-57f6-43d9-a032-2dfb37b9b30c,21.0
2d63af6e-67f4-4062-be70-34ae3800ab54,USD,R-000001,"#N/A",1.0,150.0,150.0,PerUnit,1.0,522d125e-5723-44b8-b039-b9e29a7d01d3,11.0
2e29b8ce-c89a-4ae1-a721-22ee18f8f834,USD,R-000002,"#N/A",11.0,135.0,135.0,PerUnit,2.0,8e124a8c-111c-4fec-916f-552a2cf55b1a,21.0
2e493664-0197-4b22-8448-53beb1b87e84,USD,R-000003,"#N/A",21.0,120.0,120.0,PerUnit,3.0,09d9c1e1-3289-4a56-ab73-8ab1e66a2186,51.0
2ea84cb1-6afb-4f2f-b311-20a94b920306,USD,R-000001,"#N/A",1.0,150.0,150.0,PerUnit,1.0,345f365d-981d-437d-bb20-fa3d57a9681b,11.0
2ead6437-6f99-43c3-9b0a-0fd2027cd51e,USD,R-000012,"#N/A",301.0,10.0,10.0,PerUnit,4.0,86750596-5858-4705-a3c1-ae758c654c3e,"#N/A"
2ec2f6fe-e816-47c9-b3b2-6ba220f8cedd,USD,R-000003,"#N/A",21.0,120.0,120.0,PerUnit,3.0,c201fcf5-077a-452e-8f5f-d0f7cfe17f66,51.0
2f3ad9f6-9ec1-468b-bd7e-5468e643b846,USD,R-000002,"#N/A",11.0,135.0,135.0,PerUnit,2.0,7cde8a2d-0a62-48af-876c-44ec44b4a7ae,21.0
2f6a82de-a760-4921-a973-134bee58c23b,USD,R-000003,"#N/A",21.0,120.0,120.0,PerUnit,3.0,c79aa45a-1179-4d9c-b732-cbb2d1a73d4a,51.0
2f848ab4-b79c-4c3f-9292-713f18bab3e4,USD,R-000010,"#N/A",101.0,11.0,11.0,PerUnit,2.0,ca6d8e16-eb65-45e5-a519-7827ba63b22b,201.0
2ffdd411-1e7b-4ca6-b39d-9a1d113fb541,USD,R-000004,"#N/A",51.0,105.0,105.0,PerUnit,4.0,4d1ce004-a61a-4c1e-9fc5-bbc454db5f9f,101.0
308f14f8-550c-4791-aa64-da2c9443e3c6,USD,R-000005,"#N/A",101.0,100.0,100.0,PerUnit,5.0,7fc7b0f1-182e-4585-bb52-644a78f2ad2c,"#N/A"
30f53522-ff1d-4470-bb01-6678098d3dc9,USD,R-000012,"#N/A",301.0,10.0,10.0,PerUnit,4.0,70e904c0-b4e8-4667-80cf-8ab0e6107e37,"#N/A"
31338063-b3e0-4d91-aa28-5118038b72e2,USD,R-000010,"#N/A",101.0,11.0,11.0,PerUnit,2.0,70e904c0-b4e8-4667-80cf-8ab0e6107e37,201.0
31417643-aaaa-4336-b0cf-05a2371fbb06,USD,R-000004,"#N/A",51.0,105.0,105.0,PerUnit,4.0,a3f9f7d5-6b4c-4429-b643-edab1ca118ba,101.0
318726e9-7f36-4f06-b771-df6c8d5e6019,USD,R-000005,"#N/A",101.0,100.0,100.0,PerUnit,5.0,a5d93aba-aa5b-45b0-9b2f-e60f1c9a00d1,"#N/A"
32028668-8d3a-48ee-a0df-eb2da7b03939,USD,R-000005,"#N/A",101.0,100.0,100.0,PerUnit,5.0,4418f87b-0bb9-4e3d-ba24-270378e16148,"#N/A"
3206593e-1f35-4fa2-ad15-0add231272c0,USD,R-000003,"#N/A",21.0,120.0,120.0,PerUnit,3.0,9191a87b-0547-4cfe-abc3-807034538bce,51.0
32b11f16-1ba3-4260-90b1-e81fbeecd529,USD,R-000009,"#N/A",1.0,12.0,12.0,PerUnit,1.0,86750596-5858-4705-a3c1-ae758c654c3e,101.0
32fd3a33-b8af-41fe-a240-4322d19b6498,USD,R-000001,"#N/A",1.0,150.0,150.0,PerUnit,1.0,f8f462b3-16db-4904-acd4-6f336067b27c,11.0
3440766d-a3a5-4f6a-8933-24096ae10365,USD,R-000001,"#N/A",1.0,150.0,150.0,PerUnit,1.0,8e46d3e9-d0d4-42f1-9954-2b7df9c85358,11.0
344bf46c-8a16-4f5a-847c-f7033e5b1a8a,USD,R-000004,"#N/A",51.0,105.0,105.0,PerUnit,4.0,af865cfd-f7ea-4582-880a-68ecb9ad4650,101.0
34903fe6-3d7b-4049-bf5b-18f350fdafb7,USD,R-000012,"#N/A",301.0,10.0,10.0,PerUnit,4.0,1229dd79-d94c-43d3-a0d2-240abda368af,"#N/A"
34d4ff86-235b-4ad6-835b-d6c1794a886a,USD,R-000003,"#N/A",21.0,120.0,120.0,PerUnit,3.0,7027dc9b-28df-4a95-a7f9-85051e31e308,51.0
34fce202-36af-4018-a1be-e1e834a7c68c,USD,R-000002,"#N/A",11.0,135.0,135.0,PerUnit,2.0,8c8802a8-342a-4006-b67a-27ede155df3b,21.0
352fa7f3-1651-418f-b6ba-1254a8783087,USD,R-000010,"#N/A",101.0,11.0,11.0,PerUnit,2.0,9ce54e2e-ecf1-48bd-b2b2-881bc031b0a1,201.0
359a9951-9254-4cf5-ab04-07c9bbdba752,USD,R-000005,"#N/A",101.0,100.0,100.0,PerUnit,5.0,7d91dff4-d1ed-4fd4-a187-86d58131010b,"#N/A"
35b2805d-ffaa-4ecc-9a48-62edb9267298,USD,R-000001,"#N/A",1.0,150.0,150.0,PerUnit,1.0,ea0489fa-5bfc-4cb5-b386-c0af63317868,11.0
35d4edc2-066a-4d7b-b4df-998fd6dd4c5b,USD,R-000003,"#N/A",21.0,120.0,120.0,PerUnit,3.0,b1135ad0-c537-466e-9fc8-2d7da0924337,51.0
35d94f33-7847-4cde-8d18-25e885050639,USD,R-000001,"#N/A",1.0,150.0,150.0,PerUnit,1.0,0d4aaa47-d8c2-406b-b735-abab99ee6891,11.0
36053206-c0a0-43ca-a2c7-53a9866ad1d1,USD,R-000004,"#N/A",51.0,105.0,105.0,PerUnit,4.0,7b3ae318-2d20-4605-905b-e3667d1c1088,101.0
3635aff3-18d0-4a90-bd48-dd633b277d6c,USD,R-000004,"#N/A",51.0,105.0,105.0,PerUnit,4.0,c201fcf5-077a-452e-8f5f-d0f7cfe17f66,101.0
369cfe1a-201b-4b64-a474-65aa12d9ca03,USD,R-000003,"#N/A",21.0,120.0,120.0,PerUnit,3.0,78b5611a-178c-4a9b-9895-038883159900,51.0
36a24564-6f8f-4508-900a-76a762c310fc,USD,R-000002,"#N/A",11.0,135.0,135.0,PerUnit,2.0,9191a87b-0547-4cfe-abc3-807034538bce,21.0
36ace15c-e540-491d-9a5f-4675d3e305b3,USD,R-000001,"#N/A",1.0,150.0,150.0,PerUnit,1.0,883ddd2e-8a7a-4d22-b18b-56b51382aeec,11.0
36b7dd80-9131-4be5-b127-5cfefc3a59d5,USD,R-000001,"#N/A",1.0,150.0,150.0,PerUnit,1.0,d8c15476-8985-4c64-b845-564b57fc0a6e,11.0
38388a1d-bce8-4cfe-87a1-163270431f6f,USD,R-000002,"#N/A",11.0,135.0,135.0,PerUnit,2.0,d8c15476-8985-4c64-b845-564b57fc0a6e,21.0
38984630-b8b8-4137-a2c5-61064d0d2a40,USD,R-000002,"#N/A",11.0,135.0,135.0,PerUnit,2.0,c07a4756-318b-4cb4-bcba-b1049f48f1d1,21.0
38a01c5d-6d4d-4e7c-8096-a0dd61f499d9,USD,R-000002,"#N/A",11.0,135.0,135.0,PerUnit,2.0,11504536-6665-4ee6-832a-9089396db90c,21.0
38a4d7dc-8dc4-4024-a100-b54e737e322b,USD,R-000002,"#N/A",11.0,135.0,135.0,PerUnit,2.0,4c087689-8788-40b0-9f5f-83403013baed,21.0
390e5db2-424a-4ce3-bbb7-bab745fe30a1,USD,R-000005,"#N/A",101.0,100.0,100.0,PerUnit,5.0,95b1ee24-80f5-4fa7-b1e4-f98a6e1daae0,"#N/A"
395bd2d9-c27d-4f05-9936-cb06696154d9,USD,R-000001,"#N/A",1.0,150.0,150.0,PerUnit,1.0,190f0414-63f1-4e50-903f-b69e32986104,11.0
39c5dcc2-bc51-42ec-bb80-ad0e835099ad,USD,R-000004,"#N/A",51.0,105.0,105.0,PerUnit,4.0,7723026a-5910-4ebc-9964-85dcba850ba4,101.0
39ff78c8-dde4-4c8c-b753-b1725c4f0e26,USD,R-000005,"#N/A",101.0,100.0,100.0,PerUnit,5.0,72b14197-50cd-4b3a-80bd-3e6035d24ac5,"#N/A"
3a0ded4e-a9cf-47f6-9099-42ffc62aec43,USD,R-000004,"#N/A",51.0,105.0,105.0,PerUnit,4.0,14784cd4-82aa-43bb-ae05-9270c36bf64b,101.0
3a2ba662-a7ce-400a-bf65-429598aae247,USD,R-000002,"#N/A",11.0,135.0,135.0,PerUnit,2.0,190f0414-63f1-4e50-903f-b69e32986104,21.0
3aa5847f-c93a-46f9-ac9e-32a225b86515,USD,R-000001,"#N/A",1.0,150.0,150.0,PerUnit,1.0,4010e59b-b75f-4edb-a00d-233d55e495df,11.0
3b128e96-ce32-43bb-94f2-2bfcd4c83b77,USD,R-000001,"#N/A",1.0,150.0,150.0,PerUnit,1.0,13fdae05-615c-43b7-b295-7ff6e860a874,11.0
3b78d65b-c958-4b47-a18a-fece1488d8d5,USD,R-000002,"#N/A",11.0,135.0,135.0,PerUnit,2.0,21782450-81c6-4682-9af0-5e65cac98214,21.0
3babb028-ae2b-4115-bdfa-e94ce61d5cbd,USD,R-000009,"#N/A",1.0,12.0,12.0,PerUnit,1.0,56d585c5-3610-4f4e-bb7c-54885f82a8d6,101.0
3c015215-d626-4f98-b84e-57271ca53ec8,USD,R-000004,"#N/A",51.0,105.0,105.0,PerUnit,4.0,1b198f7c-b5b0-4d91-9ba1-9e638d96e114,101.0
3c51cc7f-aa63-48f1-b016-b2870991f77b,USD,R-000003,"#N/A",21.0,120.0,120.0,PerUnit,3.0,f8f462b3-16db-4904-acd4-6f336067b27c,51.0
3d9fbff1-7f0a-43df-8205-d571c64d11ec,USD,R-000004,"#N/A",51.0,105.0,105.0,PerUnit,4.0,c5c6498b-ebfe-48a2-9893-47b747513c20,101.0
3da57ee4-2fcb-4e0d-86af-68ed05e5d808,USD,R-000004,"#N/A",51.0,105.0,105.0,PerUnit,4.0,14549001-c717-4d40-a5ee-b4de868eb733,101.0
3dc72d2f-f5d9-4335-aa06-0692bc736349,USD,R-000005,"#N/A",101.0,100.0,100.0,PerUnit,5.0,c07a4756-318b-4cb4-bcba-b1049f48f1d1,"#N/A"
3e1f7d72-8c1a-437c-8de8-677c92387364,USD,R-000005,"#N/A",101.0,100.0,100.0,PerUnit,5.0,e9bda808-88fb-404a-991c-ab3595f01fcd,"#N/A"
3f9f26b1-fb19-4a98-8033-d2ff27921e1a,USD,R-000005,"#N/A",101.0,100.0,100.0,PerUnit,5.0,59c5406b-6752-428d-8069-5afdf790658a,"#N/A"
3fba39cb-dcef-4d5c-8bb8-58b6a8789e3e,USD,R-000005,"#N/A",101.0,100.0,100.0,PerUnit,5.0,5320e337-852e-45a3-9cc7-ec7410446fe6,"#N/A"
3fe44d15-7492-4b40-86da-d123c991fb40,USD,R-000008,"#N/A",3.0,50000.0,50000.0,FlatFee,2.0,f88f7ae6-b190-418e-8d1f-f96f70d3fb0e,"#N/A"
408b184f-5564-4a4d-bd92-64e2b2c75d9c,USD,R-000001,"#N/A",1.0,150.0,150.0,PerUnit,1.0,5320e337-852e-45a3-9cc7-ec7410446fe6,11.0
40a448bb-e245-4076-8eeb-e58dafd89f6b,USD,R-000001,"#N/A",1.0,150.0,150.0,PerUnit,1.0,149863ce-5f1e-4e03-bcb1-ac410c732beb,11.0
4266b505-ed8a-45eb-b395-bb941a8f3cf0,USD,R-000001,"#N/A",1.0,150.0,150.0,PerUnit,1.0,f487f22a-5ae7-4136-a38c-74999cf8a0ff,11.0
42a393ef-09e0-475a-a6c1-57758ce4d135,USD,R-000001,"#N/A",1.0,150.0,150.0,PerUnit,1.0,c79aa45a-1179-4d9c-b732-cbb2d1a73d4a,11.0
42f4bb2a-225e-4878-81bc-64f5ab246fd2,USD,R-000003,"#N/A",21.0,120.0,120.0,PerUnit,3.0,d67ca019-47c0-4238-992b-745fd8439646,51.0
43e78340-5078-445d-9040-905b37e210d2,USD,R-000002,"#N/A",11.0,135.0,135.0,PerUnit,2.0,1788052b-1860-4983-9557-031225eb2483,21.0
444ce426-be05-44de-a5df-c6fe94a0d09e,USD,R-000009,"#N/A",1.0,12.0,12.0,PerUnit,1.0,178119b4-e88a-47c0-9440-2901aef23424,101.0
4466ce2d-656f-44b2-871a-348cb0f4e769,USD,R-000001,"#N/A",1.0,150.0,150.0,PerUnit,1.0,6390bc28-2a73-40ce-8868-be015130c4e6,11.0
44af1c7d-34a1-4b40-8008-440f266758e5,USD,R-000002,"#N/A",11.0,135.0,135.0,PerUnit,2.0,03d1e1db-2ae9-426e-9e3e-1cda7d6027fd,21.0
44b74f8e-8f61-43fd-bd29-1f72e99019d7,USD,R-000005,"#N/A",101.0,100.0,100.0,PerUnit,5.0,d5bf3eb0-8cb9-47c3-a833-714d15e53c80,"#N/A"
4524a4f6-9a8b-443b-b1fc-64f1129d8c3a,USD,R-000005,"#N/A",101.0,100.0,100.0,PerUnit,5.0,a7efa496-9fd0-4306-acbc-b8c7cc06dd86,"#N/A"
4606c2fc-4c95-41fb-8450-c4e68a6b950d,USD,R-000005,"#N/A",101.0,100.0,100.0,PerUnit,5.0,baa02338-3f56-4d6f-818f-b3335ad830b1,"#N/A"
4609c077-67c9-400a-8801-6b335e7df6d5,USD,R-000005,"#N/A",101.0,100.0,100.0,PerUnit,5.0,0d7b9347-562d-41e2-865d-2e5b1f333d0c,"#N/A"
461fbf9e-cb23-4709-9a1b-1058fdef1416,USD,R-000001,"#N/A",1.0,150.0,150.0,PerUnit,1.0,dbb5916a-2884-4265-b1e3-02ad2ccca132,11.0
4629c789-20a4-4fe9-887d-2effad7d68df,USD,R-000003,"#N/A",21.0,120.0,120.0,PerUnit,3.0,d8928b4d-a8e1-4275-98e6-212e2429cb28,51.0
463109b0-01b0-46eb-ab2a-41d8443d5b57,USD,R-000005,"#N/A",101.0,100.0,100.0,PerUnit,5.0,aa128f28-2358-46fa-a75f-a4c462b87e3b,"#N/A"
46995f26-17e7-4aed-af0f-ff50e023cc1c,USD,R-000004,"#N/A",51.0,105.0,105.0,PerUnit,4.0,f199a845-f3d2-4461-ac87-ffb552cb8441,101.0
46da5789-8cbe-4dc3-82dc-cc538e2a615c,USD,R-000002,"#N/A",11.0,135.0,135.0,PerUnit,2.0,40cab4fe-428f-4a40-9b55-ab345cc56071,21.0
47ff1853-ca6d-49e5-b0bd-21d033a4452f,USD,R-000004,"#N/A",51.0,105.0,105.0,PerUnit,4.0,c8f32660-e721-46d7-841c-513b568a54c3,101.0
483319b0-067e-49ca-913c-f6d520d9c3ca,USD,R-000001,"#N/A",1.0,150.0,150.0,PerUnit,1.0,c07a4756-318b-4cb4-bcba-b1049f48f1d1,11.0
48338306-1028-4855-af42-16619daf72fa,USD,R-000005,"#N/A",101.0,100.0,100.0,PerUnit,5.0,e13eb79b-27eb-42fd-95b8-ac2bff081d26,"#N/A"
486b416c-9c13-46ea-933b-296263b2dd3a,USD,R-000004,"#N/A",51.0,105.0,105.0,PerUnit,4.0,bf2d166b-355b-4274-a8dd-d344484c3466,101.0
48b0ce46-581f-409c-9f06-f137ee957797,USD,R-000001,"#N/A",1.0,150.0,150.0,PerUnit,1.0,09d9c1e1-3289-4a56-ab73-8ab1e66a2186,11.0
48ff2cf1-c395-494d-b43f-36a123374bc1,USD,R-000002,"#N/A",11.0,135.0,135.0,PerUnit,2.0,0d7b9347-562d-41e2-865d-2e5b1f333d0c,21.0
49407275-0a3d-43d8-a18f-e7af1de8af2d,USD,R-000003,"#N/A",21.0,120.0,120.0,PerUnit,3.0,59c9246a-90bd-4fe2-bc0d-7b10f9df1028,51.0
498eaf3b-93f4-45a5-8ca8-5b4a4e27920e,USD,R-000010,"#N/A",101.0,11.0,11.0,PerUnit,2.0,56d585c5-3610-4f4e-bb7c-54885f82a8d6,201.0
4b6a680c-685e-44a5-93aa-9b6f6fc4a5ff,USD,R-000011,"#N/A",201.0,10.5,10.5,PerUnit,3.0,680ad24a-e11e-463c-91b5-752245d96a8c,301.0
4ba1d5ec-339c-4b8f-a6c1-1bd540a7dfa3,USD,R-000001,"#N/A",1.0,150.0,150.0,PerUnit,1.0,d61690ba-d555-49a5-beac-ea3c1b937071,11.0
4bc4ac19-b5f3-40d7-b1a0-10b9fda39658,USD,R-000004,"#N/A",51.0,105.0,105.0,PerUnit,4.0,5c417950-d0eb-4b7e-9922-13004ddd37e3,101.0
4c1ee95e-1ae8-44e7-b701-72992f83c6d8,USD,R-000005,"#N/A",101.0,100.0,100.0,PerUnit,5.0,522d125e-5723-44b8-b039-b9e29a7d01d3,"#N/A"
4c399ed7-ae61-4323-b9b4-591833d1baf9,USD,R-000003,"#N/A",21.0,120.0,120.0,PerUnit,3.0,22268117-9bb1-4023-ba5f-2ad98a1e3aeb,51.0
4cad5568-ab19-4684-8164-d3a9b240605b,USD,R-000004,"#N/A",51.0,105.0,105.0,PerUnit,4.0,59c5406b-6752-428d-8069-5afdf790658a,101.0
4cf290ff-b7bd-41d1-90bf-b3a05d3ebd95,USD,R-000001,"#N/A",1.0,150.0,150.0,PerUnit,1.0,defff1c7-1aef-41f0-9e4b-db511f94f5c5,11.0
4d328a45-cc67-41d1-b2f9-65ff0efe36f8,USD,R-000004,"#N/A",51.0,105.0,105.0,PerUnit,4.0,7dd542ec-ab38-4b3d-ab1a-2b3c0aaff415,101.0
4f17f047-b1ed-40e3-85d9-02b620a3082a,USD,R-000003,"#N/A",21.0,120.0,120.0,PerUnit,3.0,c28139a2-18e9-457c-ba5e-df7b610288aa,51.0
4fa2b208-be08-4512-8339-dd8edd8f9240,USD,R-000003,"#N/A",21.0,120.0,120.0,PerUnit,3.0,0d4aaa47-d8c2-406b-b735-abab99ee6891,51.0
4fe8cf9d-0757-427d-8523-1d79cbacd1c9,USD,R-000005,"#N/A",101.0,100.0,100.0,PerUnit,5.0,7cb71a5e-9a85-4d7b-800c-f8c742ec792a,"#N/A"
514149ad-07f7-4dae-91f1-ebe0bc2f948a,USD,R-000001,"#N/A",1.0,150.0,150.0,PerUnit,1.0,7b3ae318-2d20-4605-905b-e3667d1c1088,11.0
51706a16-db0a-4890-84d7-91f5efc26706,USD,R-000003,"#N/A",21.0,120.0,120.0,PerUnit,3.0,7723026a-5910-4ebc-9964-85dcba850ba4,51.0
51993d07-5ce0-420a-8170-bb6761a5d633,USD,R-000002,"#N/A",11.0,135.0,135.0,PerUnit,2.0,1bbd5c5e-6698-472f-ae52-0f21aa79cb29,21.0
522079d1-224a-4678-9168-63aa47b9af3e,USD,R-000006,"#N/A",0.0,45000.0,45000.0,PerUnit,1.0,46822f7e-c527-4ada-97fd-bf7acc101a5e,3.0
525ddab8-d3d6-4de0-8a1f-f3731d5bffb6,USD,R-000001,"#N/A",1.0,150.0,150.0,PerUnit,1.0,d34fb3cc-97db-431f-9cad-304b0d14e47f,11.0
525e26b0-6421-4aeb-ab29-b0ce1987ea36,USD,R-000001,"#N/A",1.0,150.0,150.0,PerUnit,1.0,59c5406b-6752-428d-8069-5afdf790658a,11.0
525ee4b5-04d9-4dc8-84d4-b2c03f135709,USD,R-000003,"#N/A",21.0,120.0,120.0,PerUnit,3.0,3593b5c2-ea67-48c3-b164-a4820661f1b2,51.0
525ef55f-079b-4878-aea6-3e7fb0206762,USD,R-000005,"#N/A",101.0,100.0,100.0,PerUnit,5.0,78cd8e27-53ea-411d-b043-9a58f44b65f2,"#N/A"
52776522-3dc2-43d1-b8a9-fef90259b812,USD,R-000003,"#N/A",21.0,120.0,120.0,PerUnit,3.0,7dd542ec-ab38-4b3d-ab1a-2b3c0aaff415,51.0
52a87905-6782-4e5e-a9c7-2f9d0abce212,USD,R-000001,"#N/A",1.0,150.0,150.0,PerUnit,1.0,b52661a3-3da3-4365-820c-4ed0e886e249,11.0
536d1259-5460-4f6b-9b76-9aee74c7bbb2,USD,R-000003,"#N/A",21.0,120.0,120.0,PerUnit,3.0,baa02338-3f56-4d6f-818f-b3335ad830b1,51.0
5436b3d8-e372-4f12-989d-f7377cfb91e5,USD,R-000001,"#N/A",1.0,150.0,150.0,PerUnit,1.0,13dd5b31-cb15-41e3-b473-d1b247be25b7,11.0
54a8df11-e758-41ae-8b96-839e415aacc3,USD,R-000002,"#N/A",11.0,135.0,135.0,PerUnit,2.0,3593b5c2-ea67-48c3-b164-a4820661f1b2,21.0
54a96d51-4bc4-4f82-bde4-a69d765c7e88,USD,R-000003,"#N/A",21.0,120.0,120.0,PerUnit,3.0,4ff77f6a-120f-4d15-9f3a-3dd8168a7a65,51.0
5510a999-96e2-462b-a41e-c6463b6bfcf3,USD,R-000004,"#N/A",51.0,105.0,105.0,PerUnit,4.0,59c9246a-90bd-4fe2-bc0d-7b10f9df1028,101.0
558bca83-fbd4-476a-9305-37db34d6c6b2,USD,R-000002,"#N/A",11.0,135.0,135.0,PerUnit,2.0,13dd5b31-cb15-41e3-b473-d1b247be25b7,21.0
55cd54a5-4140-4908-aa41-0733c930d66e,USD,R-000005,"#N/A",101.0,100.0,100.0,PerUnit,5.0,6e4a87bf-e07f-4f44-b2c4-92d4f3049c50,"#N/A"
55df10ec-df36-4a3e-8754-94d505702813,USD,R-000005,"#N/A",101.0,100.0,100.0,PerUnit,5.0,c79aa45a-1179-4d9c-b732-cbb2d1a73d4a,"#N/A"
55fe692c-6ecf-4d47-a9a3-acea7185545e,USD,R-000004,"#N/A",51.0,105.0,105.0,PerUnit,4.0,4010e59b-b75f-4edb-a00d-233d55e495df,101.0
56327db3-bb52-4dad-845a-e05de74a5667,USD,R-000004,"#N/A",51.0,105.0,105.0,PerUnit,4.0,a8d6b895-da61-4013-999e-b1e54d4a7bc6,101.0
56a263fd-3128-4159-a68c-d5c93fa80bb3,USD,R-000002,"#N/A",11.0,135.0,135.0,PerUnit,2.0,e8918a3a-8104-4781-a58e-5087c4bd53d8,21.0
56e5daba-1e5c-46c8-8ef7-9fc824822d66,USD,R-000003,"#N/A",21.0,120.0,120.0,PerUnit,3.0,e8918a3a-8104-4781-a58e-5087c4bd53d8,51.0
570c190c-cfd8-4d86-9e6a-76f9970fdf10,USD,R-000012,"#N/A",301.0,10.0,10.0,PerUnit,4.0,56d585c5-3610-4f4e-bb7c-54885f82a8d6,"#N/A"
57ac3991-8720-47af-ae64-e75dde7aacd8,USD,R-000012,"#N/A",301.0,10.0,10.0,PerUnit,4.0,529d389c-1d59-481d-aac8-8edbbf779c00,"#N/A"
57cd843a-b02c-4c1e-9972-0ad363189bb1,USD,R-000002,"#N/A",11.0,135.0,135.0,PerUnit,2.0,e13eb79b-27eb-42fd-95b8-ac2bff081d26,21.0
584b35f9-3830-4feb-9a76-82ecb7687195,USD,R-000001,"#N/A",1.0,150.0,150.0,PerUnit,1.0,0d7b9347-562d-41e2-865d-2e5b1f333d0c,11.0
590184ba-8051-4707-9572-f895ff504ac0,USD,R-000006,"#N/A",0.0,45000.0,45000.0,PerUnit,1.0,dbca2c3f-711e-4910-ab83-e37b8831a71e,3.0
5987281b-4349-40f6-9841-0ff32f7ac762,USD,R-000001,"#N/A",1.0,150.0,150.0,PerUnit,1.0,78b5611a-178c-4a9b-9895-038883159900,11.0
59ea0383-eaf8-490f-bd5f-1a1f86806e9e,USD,R-000003,"#N/A",21.0,120.0,120.0,PerUnit,3.0,ace073ad-d98e-4068-a17b-c347b619b32c,51.0
5a7b359c-72ab-42af-8392-3f1d3ee7b272,USD,R-000001,"#N/A",1.0,150.0,150.0,PerUnit,1.0,03d1e1db-2ae9-426e-9e3e-1cda7d6027fd,11.0
5a9b3a81-1171-4660-b5e3-4fe35e8a253a,USD,R-000004,"#N/A",51.0,105.0,105.0,PerUnit,4.0,d9532868-bacd-4095-bfcb-967b25f9b7ec,101.0
5ae46683-0d2e-442f-a529-39794626fd7e,USD,R-000004,"#N/A",51.0,105.0,105.0,PerUnit,4.0,e9bda808-88fb-404a-991c-ab3595f01fcd,101.0
5c415b45-0d51-40f7-b4b1-9a60f480514a,USD,R-000002,"#N/A",11.0,135.0,135.0,PerUnit,2.0,f2792fc2-13ff-4ac7-83f9-735e886ebe17,21.0
5d14b170-5529-417e-8623-0537a0ffe8c2,USD,R-000003,"#N/A",21.0,120.0,120.0,PerUnit,3.0,b52661a3-3da3-4365-820c-4ed0e886e249,51.0
5da2e4ea-3db2-42bb-95cf-7448c537faf8,USD,R-000001,"#N/A",1.0,150.0,150.0,PerUnit,1.0,7d91dff4-d1ed-4fd4-a187-86d58131010b,11.0
5dcf3f03-5519-49fb-8182-a2af611e330f,USD,R-000009,"#N/A",1.0,12.0,12.0,PerUnit,1.0,ca6d8e16-eb65-45e5-a519-7827ba63b22b,101.0
5de05671-abac-4db5-b4c4-84708c36726d,USD,R-000003,"#N/A",21.0,120.0,120.0,PerUnit,3.0,d9b19072-57f6-43d9-a032-2dfb37b9b30c,51.0
5e4b64ed-bf46-4a45-a426-37daa6807868,USD,R-000005,"#N/A",101.0,100.0,100.0,PerUnit,5.0,e8918a3a-8104-4781-a58e-5087c4bd53d8,"#N/A"
5e57ed62-a42f-4829-a206-44dfa3a16201,USD,R-000002,"#N/A",11.0,135.0,135.0,PerUnit,2.0,a176c64f-4692-4efb-b409-6b5cd7e210bc,21.0
5e64fccb-e3f4-4239-951e-ee3a17bf4660,USD,R-000004,"#N/A",51.0,105.0,105.0,PerUnit,4.0,7027dc9b-28df-4a95-a7f9-85051e31e308,101.0
5e8c0736-0dff-4ee3-800a-b0da4f169fd9,USD,R-000005,"#N/A",101.0,100.0,100.0,PerUnit,5.0,c28139a2-18e9-457c-ba5e-df7b610288aa,"#N/A"
5ed81176-a376-47fa-8c79-62fce6f10e4f,USD,R-000004,"#N/A",51.0,105.0,105.0,PerUnit,4.0,8c8802a8-342a-4006-b67a-27ede155df3b,101.0
5ef8c098-40f3-4362-a7ef-388ca17f2f30,USD,R-000001,"#N/A",1.0,150.0,150.0,PerUnit,1.0,25d20273-cdfa-4044-8290-78f3650c5ca1,11.0
5efcf1f0-be27-464d-88a4-a316a0744f79,USD,R-000004,"#N/A",51.0,105.0,105.0,PerUnit,4.0,d366fb4c-c3b4-40ad-98ac-bf0ce943be48,101.0
5f084d44-0894-4a57-ae5d-34ee06f8914a,USD,R-000005,"#N/A",101.0,100.0,100.0,PerUnit,5.0,883ddd2e-8a7a-4d22-b18b-56b51382aeec,"#N/A"
5f0862c6-e4b1-4519-87e3-c29bb9b0f222,USD,R-000002,"#N/A",11.0,135.0,135.0,PerUnit,2.0,0d4aaa47-d8c2-406b-b735-abab99ee6891,21.0
5f336534-2671-4430-b035-9ad1d271c6c8,USD,R-000002,"#N/A",11.0,135.0,135.0,PerUnit,2.0,a3f9f7d5-6b4c-4429-b643-edab1ca118ba,21.0
5f930270-9e4d-4ac7-9dde-88327a19d003,USD,R-000004,"#N/A",51.0,105.0,105.0,PerUnit,4.0,13fdae05-615c-43b7-b295-7ff6e860a874,101.0
5fbbbc25-6257-4906-805b-32b9fd3dc147,USD,R-000002,"#N/A",11.0,135.0,135.0,PerUnit,2.0,9ebdeece-2d26-48bd-b171-aacecbee230f,21.0
5fc839e8-bac4-446e-93a7-e08b408c888b,USD,R-000001,"#N/A",1.0,150.0,150.0,PerUnit,1.0,281bba06-eca8-48aa-bc9c-4799be648062,11.0
6013260a-eb53-4759-82b6-95e00ec953f7,USD,R-000002,"#N/A",11.0,135.0,135.0,PerUnit,2.0,d61690ba-d555-49a5-beac-ea3c1b937071,21.0
609d2119-8175-4601-88ea-f86e3aeb2642,USD,R-000002,"#N/A",11.0,135.0,135.0,PerUnit,2.0,75026ea8-51c6-4087-bfa5-18bfbc51d5e8,21.0
60e461e1-388c-4f74-ba3b-3fcd0106b559,USD,R-000004,"#N/A",51.0,105.0,105.0,PerUnit,4.0,21782450-81c6-4682-9af0-5e65cac98214,101.0
60ed1b68-167b-4c3b-b6dd-8ef74850115a,USD,R-000005,"#N/A",101.0,100.0,100.0,PerUnit,5.0,d7415d9b-e853-4442-a3c7-592267125bb3,"#N/A"
61a72fb6-85b8-4ff3-acc1-c927c00cd8cf,USD,R-000001,"#N/A",1.0,150.0,150.0,PerUnit,1.0,a5d93aba-aa5b-45b0-9b2f-e60f1c9a00d1,11.0
620166fa-e660-4127-a97c-254364082a55,USD,R-000003,"#N/A",21.0,120.0,120.0,PerUnit,3.0,00a2a39a-ff04-4ec0-9475-c98f36866dee,51.0
620c9ea5-4a14-4d80-8fca-8f4f7222976d,USD,R-000004,"#N/A",51.0,105.0,105.0,PerUnit,4.0,12fd7c0a-8405-48fa-aae0-a6a3ce35d109,101.0
62153dd3-36ba-4b84-9b1d-b674f25a6759,USD,R-000003,"#N/A",21.0,120.0,120.0,PerUnit,3.0,846fc643-a304-47da-bf12-357945f4fb56,51.0
627a2354-b442-4975-925f-4204b767ed1d,USD,R-000004,"#N/A",51.0,105.0,105.0,PerUnit,4.0,190f0414-63f1-4e50-903f-b69e32986104,101.0
632d6943-414e-4547-a0da-ecbf8ec4b860,USD,R-000005,"#N/A",101.0,100.0,100.0,PerUnit,5.0,28086ff6-97c0-4129-986b-45e4ce7185d4,"#N/A"
64015758-6e8e-4be6-9a4c-619b5b2d795c,USD,R-000002,"#N/A",11.0,135.0,135.0,PerUnit,2.0,a3eab918-0aaf-4163-bed8-31a454151ee2,21.0
64703b3a-6793-49d8-a640-a255037fe292,USD,R-000003,"#N/A",21.0,120.0,120.0,PerUnit,3.0,d46f6d44-7e09-4baa-9ab6-159256aad0f4,51.0
64dffa92-3ace-4c5e-b3d9-5d09d6c0c70f,USD,R-000002,"#N/A",11.0,135.0,135.0,PerUnit,2.0,defff1c7-1aef-41f0-9e4b-db511f94f5c5,21.0
6505e33e-0273-4972-aea7-d2d4ae744503,USD,R-000001,"#N/A",1.0,150.0,150.0,PerUnit,1.0,af865cfd-f7ea-4582-880a-68ecb9ad4650,11.0
65a7e6c6-1701-4afc-9908-eaf354f524bc,USD,R-000005,"#N/A",101.0,100.0,100.0,PerUnit,5.0,0992dfe3-c303-4178-bbe4-fcba2610d135,"#N/A"
65de9650-afad-427c-abb3-1626a0da2e36,USD,R-000003,"#N/A",21.0,120.0,120.0,PerUnit,3.0,cca17b79-dcd9-4f5c-a2e4-664512b6853e,51.0
6673df48-081d-4307-a2a8-ecec533f89f1,USD,R-000001,"#N/A",1.0,150.0,150.0,PerUnit,1.0,ab6bb962-693b-4105-9331-3fa17ffd4f18,11.0
66a57b4f-43af-4b92-a7bf-e2b78b2e0614,USD,R-000002,"#N/A",11.0,135.0,135.0,PerUnit,2.0,28086ff6-97c0-4129-986b-45e4ce7185d4,21.0
66b9588b-fcad-451d-bdb7-6d8eeb3c23a0,USD,R-000003,"#N/A",21.0,120.0,120.0,PerUnit,3.0,1788052b-1860-4983-9557-031225eb2483,51.0
66db09bf-7377-4d51-a2bb-3e1ef0080cd9,USD,R-000002,"#N/A",11.0,135.0,135.0,PerUnit,2.0,7d91dff4-d1ed-4fd4-a187-86d58131010b,21.0
680a9de9-b221-4865-a8f0-7b490c131165,USD,R-000004,"#N/A",51.0,105.0,105.0,PerUnit,4.0,11504536-6665-4ee6-832a-9089396db90c,101.0
681b1d9a-1e70-4f2d-ae59-bbeaf0469069,USD,R-000005,"#N/A",101.0,100.0,100.0,PerUnit,5.0,fef2a773-1863-40ea-a296-3cc6673fea2c,"#N/A"
68721f11-f57b-488f-8967-9223dda2e51f,USD,R-000002,"#N/A",11.0,135.0,135.0,PerUnit,2.0,56364b70-5ef1-42df-b4e8-9d529b226c88,21.0
68757d22-601d-4715-aa54-2347f79f2b8e,USD,R-000005,"#N/A",101.0,100.0,100.0,PerUnit,5.0,75026ea8-51c6-4087-bfa5-18bfbc51d5e8,"#N/A"
68758aaf-a130-4e77-b203-96e2549711bf,USD,R-000002,"#N/A",11.0,135.0,135.0,PerUnit,2.0,249fb429-e83b-47dd-bbfd-34df13eb1169,21.0
6935ecd4-dd3f-49ae-84ef-75252f4d6384,USD,R-000001,"#N/A",1.0,150.0,150.0,PerUnit,1.0,a8d6b895-da61-4013-999e-b1e54d4a7bc6,11.0
69d4ebf0-258b-4fe1-85fd-8afbf4cf4046,USD,R-000001,"#N/A",1.0,150.0,150.0,PerUnit,1.0,d4c851fa-d537-43b3-9567-620bd146bc39,11.0
6a2e4ff9-4146-4bfe-ac48-a36f800e25fc,USD,R-000003,"#N/A",21.0,120.0,120.0,PerUnit,3.0,95b1ee24-80f5-4fa7-b1e4-f98a6e1daae0,51.0
6a7e6c33-d1e3-420b-b157-f2efb5bbabb1,USD,R-000002,"#N/A",11.0,135.0,135.0,PerUnit,2.0,d1994168-7443-4554-9d93-c55111849e31,21.0
6ac7447d-6b80-42cb-9c12-15b5240442ad,USD,R-000004,"#N/A",51.0,105.0,105.0,PerUnit,4.0,e13eb79b-27eb-42fd-95b8-ac2bff081d26,101.0
6b513ca6-11e0-4eb6-af1d-8f87c156a13b,USD,R-000001,"#N/A",1.0,150.0,150.0,PerUnit,1.0,14549001-c717-4d40-a5ee-b4de868eb733,11.0
6bec3df2-4d57-4b32-9e39-44cde7481ff3,USD,R-000005,"#N/A",101.0,100.0,100.0,PerUnit,5.0,9736deba-b3ab-465f-94dd-ed745426c2fb,"#N/A"
6c33b874-3d1c-4252-9d38-a00ee520b6bf,USD,R-000011,"#N/A",201.0,10.5,10.5,PerUnit,3.0,ca6d8e16-eb65-45e5-a519-7827ba63b22b,301.0
6c6a946a-c051-44fa-ab73-a93989d61d9d,USD,R-000005,"#N/A",101.0,100.0,100.0,PerUnit,5.0,8e46d3e9-d0d4-42f1-9954-2b7df9c85358,"#N/A"
6c6ba52d-123a-4ebe-b3e8-642cff46db52,USD,R-000004,"#N/A",51.0,105.0,105.0,PerUnit,4.0,9191a87b-0547-4cfe-abc3-807034538bce,101.0
6c8c51ba-20e5-4134-a437-e50ac6999b06,USD,R-000005,"#N/A",101.0,100.0,100.0,PerUnit,5.0,59c9246a-90bd-4fe2-bc0d-7b10f9df1028,"#N/A"
6d1e6221-c224-4283-9a6f-9b08276652a6,USD,R-000003,"#N/A",21.0,120.0,120.0,PerUnit,3.0,c8f32660-e721-46d7-841c-513b568a54c3,51.0
6d80a30e-95b6-48c1-b977-ff999d694e26,USD,R-000005,"#N/A",101.0,100.0,100.0,PerUnit,5.0,d1994168-7443-4554-9d93-c55111849e31,"#N/A"
6d9d6fc6-bf16-4fcf-a496-66c794a96d24,USD,R-000005,"#N/A",101.0,100.0,100.0,PerUnit,5.0,ab6bb962-693b-4105-9331-3fa17ffd4f18,"#N/A"
6de61cf9-8417-455d-889b-b12125b589e7,USD,R-000005,"#N/A",101.0,100.0,100.0,PerUnit,5.0,4010e59b-b75f-4edb-a00d-233d55e495df,"#N/A"
6de6968d-d19f-474f-a083-a81607a9eb42,USD,R-000005,"#N/A",101.0,100.0,100.0,PerUnit,5.0,d9b19072-57f6-43d9-a032-2dfb37b9b30c,"#N/A"
6e1af5ab-ceef-4ac4-99bd-4030aedcc4f3,USD,R-000001,"#N/A",1.0,150.0,150.0,PerUnit,1.0,1539a098-23b6-47ef-854e-5d4dab30f9b5,11.0
6e1bcf12-02df-4a7f-95fc-5e59fe8cd411,USD,R-000002,"#N/A",11.0,135.0,135.0,PerUnit,2.0,c668bff5-03e6-446d-86be-95defd8fc944,21.0
6ec54d47-9d45-45d9-8a11-62c26ac2df19,USD,R-000003,"#N/A",21.0,120.0,120.0,PerUnit,3.0,d1994168-7443-4554-9d93-c55111849e31,51.0
6ec60771-5b8e-4992-bdfc-35ac3c1a0a7c,USD,R-000002,"#N/A",11.0,135.0,135.0,PerUnit,2.0,a8d6b895-da61-4013-999e-b1e54d4a7bc6,21.0
6edef1b0-a3ab-41ad-9653-98a0c58f9749,USD,R-000001,"#N/A",1.0,150.0,150.0,PerUnit,1.0,7cde8a2d-0a62-48af-876c-44ec44b4a7ae,11.0
6f410cef-c1e6-4b62-9954-f9f683229152,USD,R-000005,"#N/A",101.0,100.0,100.0,PerUnit,5.0,ea0489fa-5bfc-4cb5-b386-c0af63317868,"#N/A"
6f9a7520-60e3-40cd-acc4-1075a8f237f8,USD,R-000002,"#N/A",11.0,135.0,135.0,PerUnit,2.0,674d3bb0-744a-4ea2-b1a7-17bce82e6170,21.0
6fece2b9-d48b-4b07-9f40-a6639eb59c35,USD,R-000004,"#N/A",51.0,105.0,105.0,PerUnit,4.0,d5bf3eb0-8cb9-47c3-a833-714d15e53c80,101.0
7002e2b1-6d8b-46d1-9373-379f71e2c63b,USD,R-000004,"#N/A",51.0,105.0,105.0,PerUnit,4.0,ea0489fa-5bfc-4cb5-b386-c0af63317868,101.0
70f5a393-dbb2-42ae-92b9-184d3b7e5a63,USD,R-000004,"#N/A",51.0,105.0,105.0,PerUnit,4.0,522d125e-5723-44b8-b039-b9e29a7d01d3,101.0
712176fa-b8e0-44bf-9da4-331afa4aab9f,USD,R-000003,"#N/A",21.0,120.0,120.0,PerUnit,3.0,21782450-81c6-4682-9af0-5e65cac98214,51.0
71714b9a-d7b5-454b-aa20-5d74a7aa2729,USD,R-000003,"#N/A",21.0,120.0,120.0,PerUnit,3.0,40cab4fe-428f-4a40-9b55-ab345cc56071,51.0
719ad62b-0cfa-46b5-99d4-8853a87cdadf,USD,R-000004,"#N/A",51.0,105.0,105.0,PerUnit,4.0,7cde8a2d-0a62-48af-876c-44ec44b4a7ae,101.0
71ae5e3b-2c1e-4427-ab23-ffbb5b15511e,USD,R-000003,"#N/A",21.0,120.0,120.0,PerUnit,3.0,7cb71a5e-9a85-4d7b-800c-f8c742ec792a,51.0
71b7fa36-1879-4223-b6ea-26dba57140aa,USD,R-000004,"#N/A",51.0,105.0,105.0,PerUnit,4.0,3d194e4a-219a-467f-b945-53b185f5d990,101.0
71ee797c-52d4-4efc-8596-04d0e675c2e7,USD,R-000012,"#N/A",301.0,10.0,10.0,PerUnit,4.0,178119b4-e88a-47c0-9440-2901aef23424,"#N/A"
725de13b-4581-4012-bf87-e11a52ddd0f5,USD,R-000006,"#N/A",0.0,45000.0,45000.0,PerUnit,1.0,ff5703f2-25e9-4b13-8ba0-8e3e318404f6,3.0
727b8301-3f84-4308-8640-84448e682c3c,USD,R-000002,"#N/A",11.0,135.0,135.0,PerUnit,2.0,1673b3f0-f20d-4392-b2de-90cd236246ea,21.0
72a03e81-7347-44f4-adfa-6b9dfc0bc6a1,USD,R-000002,"#N/A",11.0,135.0,135.0,PerUnit,2.0,3d194e4a-219a-467f-b945-53b185f5d990,21.0
72f37273-2238-497c-b45a-32e7a309283a,USD,R-000004,"#N/A",51.0,105.0,105.0,PerUnit,4.0,c668bff5-03e6-446d-86be-95defd8fc944,101.0
73331115-b0a6-4d0a-b315-3bb20ebb79b1,USD,R-000003,"#N/A",21.0,120.0,120.0,PerUnit,3.0,c361bc2b-8b6e-44f3-84c1-cfc512680f1a,51.0
73a37469-29aa-467a-a604-a135f22dfecb,USD,R-000005,"#N/A",101.0,100.0,100.0,PerUnit,5.0,9ebdeece-2d26-48bd-b171-aacecbee230f,"#N/A"
73f24427-b31e-431a-8e9d-d479ab40d1f8,USD,R-000002,"#N/A",11.0,135.0,135.0,PerUnit,2.0,59c5406b-6752-428d-8069-5afdf790658a,21.0
75023af7-ef8e-4b6f-aa4d-cf7a2495a79e,USD,R-000003,"#N/A",21.0,120.0,120.0,PerUnit,3.0,257d40dc-658d-4d3b-a4ea-91f74c23af6a,51.0
75037a1c-dc86-4acc-b2b4-bde51b1da13b,USD,R-000003,"#N/A",21.0,120.0,120.0,PerUnit,3.0,6a1f733d-5c11-439e-995b-05da70cb73e6,51.0
7505bfe0-e1ab-4867-b7c5-d0e5b273192f,USD,R-000003,"#N/A",21.0,120.0,120.0,PerUnit,3.0,9ded173a-80b2-4e32-ba10-c34982ccddd6,51.0
753797e1-92ea-41a4-9a39-16b00e37e27d,USD,R-000002,"#N/A",11.0,135.0,135.0,PerUnit,2.0,149863ce-5f1e-4e03-bcb1-ac410c732beb,21.0
7584eb7f-a554-416b-b49c-fe6224444564,USD,R-000005,"#N/A",101.0,100.0,100.0,PerUnit,5.0,1bbd5c5e-6698-472f-ae52-0f21aa79cb29,"#N/A"
7590d12f-3dd8-44f1-9f20-4d84d235bff5,USD,R-000001,"#N/A",1.0,150.0,150.0,PerUnit,1.0,650a7ea8-1c52-4c7c-89ea-2b1b0c8147b6,11.0
75a04faf-523a-4773-806c-8c78deec1dc3,USD,R-000004,"#N/A",51.0,105.0,105.0,PerUnit,4.0,a218b24c-b79b-4898-a287-14db54e12c43,101.0
76077627-d54a-4c82-9495-34fb16c48122,USD,R-000005,"#N/A",101.0,100.0,100.0,PerUnit,5.0,c668bff5-03e6-446d-86be-95defd8fc944,"#N/A"
766bbcf5-49f6-4d0f-8eb4-a62450322bf4,USD,R-000004,"#N/A",51.0,105.0,105.0,PerUnit,4.0,28086ff6-97c0-4129-986b-45e4ce7185d4,101.0
76a03de0-7a99-4d85-8a18-9882f162262b,USD,R-000001,"#N/A",1.0,150.0,150.0,PerUnit,1.0,3882f13c-7d18-4046-8f59-1020f1ce14fa,11.0
76bef240-da58-41d8-bbc1-46deb45c4956,USD,R-000005,"#N/A",101.0,100.0,100.0,PerUnit,5.0,40cab4fe-428f-4a40-9b55-ab345cc56071,"#N/A"
76c93392-8fe8-49f1-b561-460b9cd99e2c,USD,R-000002,"#N/A",11.0,135.0,135.0,PerUnit,2.0,4418f87b-0bb9-4e3d-ba24-270378e16148,21.0
77127bc5-6eae-4294-88c6-400369f83693,USD,R-000002,"#N/A",11.0,135.0,135.0,PerUnit,2.0,09d9c1e1-3289-4a56-ab73-8ab1e66a2186,21.0
775b99e4-c463-4d46-8b68-1f451e7ebeb3,USD,R-000004,"#N/A",51.0,105.0,105.0,PerUnit,4.0,cd8b594f-d331-4f4b-9c4c-d5aa979ce444,101.0
77830f3e-5e44-4385-9c0f-90cbdd30f7e8,USD,R-000001,"#N/A",1.0,150.0,150.0,PerUnit,1.0,19a01c13-cef3-4e8f-9475-93435fdc7d77,11.0
778bad66-06ba-4999-935d-8807da8ddf46,USD,R-000003,"#N/A",21.0,120.0,120.0,PerUnit,3.0,149863ce-5f1e-4e03-bcb1-ac410c732beb,51.0
77ea9fe1-17a8-4905-ae53-2fdb7e39693f,USD,R-000003,"#N/A",21.0,120.0,120.0,PerUnit,3.0,a7efa496-9fd0-4306-acbc-b8c7cc06dd86,51.0
7822dfbc-8cbd-4eba-ba23-4f94d35bcf52,USD,R-000003,"#N/A",21.0,120.0,120.0,PerUnit,3.0,d7811e22-6cc4-4997-940b-792384041cb4,51.0
78368131-fe03-48e6-9931-1acfba1ab333,USD,R-000003,"#N/A",21.0,120.0,120.0,PerUnit,3.0,13fdae05-615c-43b7-b295-7ff6e860a874,51.0
78f9821a-48ba-4e06-883c-39515f526c3c,USD,R-000004,"#N/A",51.0,105.0,105.0,PerUnit,4.0,149863ce-5f1e-4e03-bcb1-ac410c732beb,101.0
7932083d-2f9c-4fe5-89df-5c9c8d8adc79,USD,R-000005,"#N/A",101.0,100.0,100.0,PerUnit,5.0,9ded173a-80b2-4e32-ba10-c34982ccddd6,"#N/A"
799b758d-a575-4b25-8377-3b9c28b70b14,USD,R-000003,"#N/A",21.0,120.0,120.0,PerUnit,3.0,d8c15476-8985-4c64-b845-564b57fc0a6e,51.0
799d1c3f-6e9f-40f8-bebe-a2c990e2bf6f,USD,R-000003,"#N/A",21.0,120.0,120.0,PerUnit,3.0,488b81d7-11b0-4b87-bfa7-986540357881,51.0
79dc35a2-8daa-4ddc-9198-8b0944f3742d,USD,R-000003,"#N/A",21.0,120.0,120.0,PerUnit,3.0,190f0414-63f1-4e50-903f-b69e32986104,51.0
7a51a757-9bc9-440d-aab6-5d00bcb04643,USD,R-000005,"#N/A",101.0,100.0,100.0,PerUnit,5.0,249fb429-e83b-47dd-bbfd-34df13eb1169,"#N/A"
7a59bd02-b74d-4559-a85a-702587c1121f,USD,R-000004,"#N/A",51.0,105.0,105.0,PerUnit,4.0,6390bc28-2a73-40ce-8868-be015130c4e6,101.0
7abfd503-be9e-47a2-bed2-2cdeeafc171c,USD,R-000001,"#N/A",1.0,150.0,150.0,PerUnit,1.0,5be037c4-5bee-454d-9723-4b210352a5a0,11.0
7b72e82a-2941-4693-9b17-9299365835b7,USD,R-000005,"#N/A",101.0,100.0,100.0,PerUnit,5.0,d366fb4c-c3b4-40ad-98ac-bf0ce943be48,"#N/A"
7bbd23cb-7e7e-4bd2-bc09-c228d19866c2,USD,R-000002,"#N/A",11.0,135.0,135.0,PerUnit,2.0,9ded173a-80b2-4e32-ba10-c34982ccddd6,21.0
7bfffa52-dec4-40d2-ae72-c81d5247887c,USD,R-000003,"#N/A",21.0,120.0,120.0,PerUnit,3.0,94b00c65-a57d-43a8-95b2-7abc3e910e04,51.0
7c2f38e9-fab1-4689-8e71-9a2855e2e48e,USD,R-000002,"#N/A",11.0,135.0,135.0,PerUnit,2.0,72b14197-50cd-4b3a-80bd-3e6035d24ac5,21.0
7c7a3423-6bc9-454d-9cd7-b1684d9a41d4,USD,R-000008,"#N/A",3.0,50000.0,50000.0,FlatFee,2.0,21bcf6b1-ada9-4459-8960-ac4eb6147288,"#N/A"
7e72adbd-b63c-4956-bdc3-8e2d5a228051,USD,R-000003,"#N/A",21.0,120.0,120.0,PerUnit,3.0,d366fb4c-c3b4-40ad-98ac-bf0ce943be48,51.0
7e7e5002-4444-453a-8280-5e018dde59c8,USD,R-000005,"#N/A",101.0,100.0,100.0,PerUnit,5.0,c361bc2b-8b6e-44f3-84c1-cfc512680f1a,"#N/A"
7eae80c7-944f-42c6-8a38-7881871219b5,USD,R-000002,"#N/A",11.0,135.0,135.0,PerUnit,2.0,25d20273-cdfa-4044-8290-78f3650c5ca1,21.0
7ec5c66a-368a-48b6-aaf8-3b9d17b51e5e,USD,R-000005,"#N/A",101.0,100.0,100.0,PerUnit,5.0,7cde8a2d-0a62-48af-876c-44ec44b4a7ae,"#N/A"
7f35d9d8-53bd-4570-b930-7e016033b1de,USD,R-000002,"#N/A",11.0,135.0,135.0,PerUnit,2.0,fef2a773-1863-40ea-a296-3cc6673fea2c,21.0
7f41bc5c-6b99-4c2f-989b-c7169717f656,USD,R-000012,"#N/A",301.0,10.0,10.0,PerUnit,4.0,897fd00a-afe2-406c-b6e6-371890f4c9a7,"#N/A"
7f934048-200d-4d33-a3e4-2417aef03c5a,USD,R-000001,"#N/A",1.0,150.0,150.0,PerUnit,1.0,fef2a773-1863-40ea-a296-3cc6673fea2c,11.0
7faca1a3-942c-4a25-bd20-9d33f434b926,USD,R-000001,"#N/A",1.0,150.0,150.0,PerUnit,1.0,a176c64f-4692-4efb-b409-6b5cd7e210bc,11.0
80345d39-9e69-42df-8709-25fbb623ebe5,USD,R-000002,"#N/A",11.0,135.0,135.0,PerUnit,2.0,488b81d7-11b0-4b87-bfa7-986540357881,21.0
8052dafb-e8d2-43cd-be8e-c463ab816d83,USD,R-000005,"#N/A",101.0,100.0,100.0,PerUnit,5.0,b41e0e4d-ace0-4163-b320-e2247c1cbc65,"#N/A"
814a6536-ca9e-40b5-bd83-29ad877a19a3,USD,R-000005,"#N/A",101.0,100.0,100.0,PerUnit,5.0,674d3bb0-744a-4ea2-b1a7-17bce82e6170,"#N/A"
81661bcf-5eaa-47ba-aff4-571a7c9e8ed8,USD,R-000001,"#N/A",1.0,150.0,150.0,PerUnit,1.0,4418f87b-0bb9-4e3d-ba24-270378e16148,11.0
81b35e4a-fe8d-43b0-ab18-a62d573ba766,USD,R-000004,"#N/A",51.0,105.0,105.0,PerUnit,4.0,1673b3f0-f20d-4392-b2de-90cd236246ea,101.0
827829e3-ac1b-4381-b4fc-f629c62c505d,USD,R-000009,"#N/A",1.0,12.0,12.0,PerUnit,1.0,680ad24a-e11e-463c-91b5-752245d96a8c,101.0
82934253-4d45-4dc2-a893-68b98773de57,USD,R-000004,"#N/A",51.0,105.0,105.0,PerUnit,4.0,25d20273-cdfa-4044-8290-78f3650c5ca1,101.0
82b7e1b4-2456-4d12-aa37-5b8da6439a64,USD,R-000003,"#N/A",21.0,120.0,120.0,PerUnit,3.0,b41e0e4d-ace0-4163-b320-e2247c1cbc65,51.0
82d7058d-97d6-42c9-9ba3-473ccc21719d,USD,R-000005,"#N/A",101.0,100.0,100.0,PerUnit,5.0,7b3ae318-2d20-4605-905b-e3667d1c1088,"#N/A"
82f46464-210d-400c-aa94-191b7b9ba0df,USD,R-000002,"#N/A",11.0,135.0,135.0,PerUnit,2.0,cd8b594f-d331-4f4b-9c4c-d5aa979ce444,21.0
8313a409-c256-4e6e-8071-90978990c357,USD,R-000004,"#N/A",51.0,105.0,105.0,PerUnit,4.0,f2792fc2-13ff-4ac7-83f9-735e886ebe17,101.0
8360032a-cab4-44e5-a006-9cb5e91c3461,USD,R-000010,"#N/A",101.0,11.0,11.0,PerUnit,2.0,0f69ffb0-21e2-47bc-aba2-6852ebab7c63,201.0
84126b0f-d0a6-4791-827d-95428e11d776,USD,R-000001,"#N/A",1.0,150.0,150.0,PerUnit,1.0,aa128f28-2358-46fa-a75f-a4c462b87e3b,11.0
848546cc-71f3-4ba4-9796-2a0ae6146783,USD,R-000002,"#N/A",11.0,135.0,135.0,PerUnit,2.0,883ddd2e-8a7a-4d22-b18b-56b51382aeec,21.0
848ca5ed-d9c3-42a2-9a59-6ea26da873bf,USD,R-000005,"#N/A",101.0,100.0,100.0,PerUnit,5.0,7dd542ec-ab38-4b3d-ab1a-2b3c0aaff415,"#N/A"
8497b524-e6cf-4776-981a-ef4113b65a13,USD,R-000003,"#N/A",21.0,120.0,120.0,PerUnit,3.0,c5c6498b-ebfe-48a2-9893-47b747513c20,51.0
854bac81-7060-4241-ad9d-aa438e7ab50d,USD,R-000002,"#N/A",11.0,135.0,135.0,PerUnit,2.0,7027dc9b-28df-4a95-a7f9-85051e31e308,21.0
85a35c85-619d-42a8-86ff-28ca7b1b2d55,USD,R-000003,"#N/A",21.0,120.0,120.0,PerUnit,3.0,9736deba-b3ab-465f-94dd-ed745426c2fb,51.0
869868dd-a28c-4e0a-90a4-0425efb102d8,USD,R-000003,"#N/A",21.0,120.0,120.0,PerUnit,3.0,f487f22a-5ae7-4136-a38c-74999cf8a0ff,51.0
86abbdae-3119-416b-a888-218f70259c2d,USD,R-000003,"#N/A",21.0,120.0,120.0,PerUnit,3.0,d5bf3eb0-8cb9-47c3-a833-714d15e53c80,51.0
86ef15fa-9dbc-4953-8a07-30723bfc64f7,USD,R-000003,"#N/A",21.0,120.0,120.0,PerUnit,3.0,d7415d9b-e853-4442-a3c7-592267125bb3,51.0
874f4b0e-48a8-45fc-bec9-3826b883f90c,USD,R-000002,"#N/A",11.0,135.0,135.0,PerUnit,2.0,6390bc28-2a73-40ce-8868-be015130c4e6,21.0
8816209b-57bf-440f-b96e-66f0a16ca9e5,USD,R-000010,"#N/A",101.0,11.0,11.0,PerUnit,2.0,897fd00a-afe2-406c-b6e6-371890f4c9a7,201.0
8912a7be-f022-43da-ba87-2e83038c8ab4,USD,R-000004,"#N/A",51.0,105.0,105.0,PerUnit,4.0,351cbb62-7902-4194-a5a1-4614eddbd9f0,101.0
898267bc-9638-41d3-9ad1-24196944307d,USD,R-000002,"#N/A",11.0,135.0,135.0,PerUnit,2.0,12fd7c0a-8405-48fa-aae0-a6a3ce35d109,21.0
89a8ece8-c43e-423c-bbf5-c23e95e73894,USD,R-000011,"#N/A",201.0,10.5,10.5,PerUnit,3.0,178119b4-e88a-47c0-9440-2901aef23424,301.0
89b9eec8-9a25-4580-968c-c76fc3640687,USD,R-000002,"#N/A",11.0,135.0,135.0,PerUnit,2.0,d46f6d44-7e09-4baa-9ab6-159256aad0f4,21.0
89deb54c-7eec-4305-99a0-505fadfbe292,USD,R-000005,"#N/A",101.0,100.0,100.0,PerUnit,5.0,257d40dc-658d-4d3b-a4ea-91f74c23af6a,"#N/A"
89e2c56c-8079-49bf-9e1c-d6d4a823d07d,USD,R-000004,"#N/A",51.0,105.0,105.0,PerUnit,4.0,94b00c65-a57d-43a8-95b2-7abc3e910e04,101.0
89e8811b-17e4-47af-8b0e-e9080e463ee4,USD,R-000001,"#N/A",1.0,150.0,150.0,PerUnit,1.0,11504536-6665-4ee6-832a-9089396db90c,11.0
89ee26bd-2983-4962-9157-527cfda855dc,USD,R-000002,"#N/A",11.0,135.0,135.0,PerUnit,2.0,7723026a-5910-4ebc-9964-85dcba850ba4,21.0
8a00c2cf-34b5-4510-b0dd-18df03ee23ce,USD,R-000005,"#N/A",101.0,100.0,100.0,PerUnit,5.0,f487f22a-5ae7-4136-a38c-74999cf8a0ff,"#N/A"
8a313f73-fe74-42a4-abf4-ed1ccfc11e08,USD,R-000002,"#N/A",11.0,135.0,135.0,PerUnit,2.0,1b198f7c-b5b0-4d91-9ba1-9e638d96e114,21.0
8b02c1cb-3c84-4d49-8e1c-b165cf89d1b0,USD,R-000005,"#N/A",101.0,100.0,100.0,PerUnit,5.0,cca17b79-dcd9-4f5c-a2e4-664512b6853e,"#N/A"
8b030b0e-fc83-407f-96ff-326cb30d6d34,USD,R-000001,"#N/A",1.0,150.0,150.0,PerUnit,1.0,e9d93889-be37-4313-a91c-db9b7e642625,11.0
8b555c1d-80aa-47ae-8a87-73ce34df40fd,USD,R-000004,"#N/A",51.0,105.0,105.0,PerUnit,4.0,b1135ad0-c537-466e-9fc8-2d7da0924337,101.0
8d3544bf-0734-4d49-b368-87b3500adc42,USD,R-000002,"#N/A",11.0,135.0,135.0,PerUnit,2.0,e9bda808-88fb-404a-991c-ab3595f01fcd,21.0
8e1b381d-005e-4f7e-9bb8-a0e900848e23,USD,R-000004,"#N/A",51.0,105.0,105.0,PerUnit,4.0,4418f87b-0bb9-4e3d-ba24-270378e16148,101.0
8e3c4751-2db3-4e00-bc1a-58a513fee2e7,USD,R-000001,"#N/A",1.0,150.0,150.0,PerUnit,1.0,a3eab918-0aaf-4163-bed8-31a454151ee2,11.0
8e6f9121-5977-43b4-bc1a-dd1d2759eae5,USD,R-000005,"#N/A",101.0,100.0,100.0,PerUnit,5.0,defff1c7-1aef-41f0-9e4b-db511f94f5c5,"#N/A"
8e920a7c-8576-497c-9e9b-d77de444d793,USD,R-000003,"#N/A",21.0,120.0,120.0,PerUnit,3.0,72b14197-50cd-4b3a-80bd-3e6035d24ac5,51.0
8ea76266-24fb-4654-841f-b4a1b558b55e,USD,R-000005,"#N/A",101.0,100.0,100.0,PerUnit,5.0,9191a87b-0547-4cfe-abc3-807034538bce,"#N/A"
8f6e194b-5d46-4c3c-8ddc-a7f8bf52680f,USD,R-000011,"#N/A",201.0,10.5,10.5,PerUnit,3.0,70e904c0-b4e8-4667-80cf-8ab0e6107e37,301.0
8fdfc09a-e481-4a0c-8e4b-c1cfffe6c959,USD,R-000005,"#N/A",101.0,100.0,100.0,PerUnit,5.0,f199a845-f3d2-4461-ac87-ffb552cb8441,"#N/A"
90d3b83d-d6d5-4d26-b0b5-f2bf6cda23f7,USD,R-000001,"#N/A",1.0,150.0,150.0,PerUnit,1.0,257d40dc-658d-4d3b-a4ea-91f74c23af6a,11.0
90feffea-5490-4fd6-bf12-85e8ec9bbbc5,USD,R-000001,"#N/A",1.0,150.0,150.0,PerUnit,1.0,1b198f7c-b5b0-4d91-9ba1-9e638d96e114,11.0
91442029-ee60-4745-9506-102759b6aaee,USD,R-000003,"#N/A",21.0,120.0,120.0,PerUnit,3.0,bf2d166b-355b-4274-a8dd-d344484c3466,51.0
917b5753-8862-4cc7-b89a-a6366f9323a0,USD,R-000003,"#N/A",21.0,120.0,120.0,PerUnit,3.0,defff1c7-1aef-41f0-9e4b-db511f94f5c5,51.0
9197cc70-7b2e-455a-8d10-1338815c9cef,USD,R-000001,"#N/A",1.0,150.0,150.0,PerUnit,1.0,6e4a87bf-e07f-4f44-b2c4-92d4f3049c50,11.0
92773552-71d3-4e55-9f4a-aa065b26fb79,USD,R-000004,"#N/A",51.0,105.0,105.0,PerUnit,4.0,00a2a39a-ff04-4ec0-9475-c98f36866dee,101.0
92f3ab59-c4c5-4f88-899b-744acc1cad5a,USD,R-000004,"#N/A",51.0,105.0,105.0,PerUnit,4.0,6a1f733d-5c11-439e-995b-05da70cb73e6,101.0
92f85f81-6583-410b-ae3b-38ff1d809a4e,USD,R-000003,"#N/A",21.0,120.0,120.0,PerUnit,3.0,c2bd4934-dd8c-4284-b0a0-332dde9709b6,51.0
93743502-e39b-4014-a178-07037a3097a5,USD,R-000005,"#N/A",101.0,100.0,100.0,PerUnit,5.0,d46f6d44-7e09-4baa-9ab6-159256aad0f4,"#N/A"
93b05a75-26f3-44de-be1d-cd4ac0045ff6,USD,R-000003,"#N/A",21.0,120.0,120.0,PerUnit,3.0,1673b3f0-f20d-4392-b2de-90cd236246ea,51.0
93d6f67d-857e-4367-be46-fce74fc52a21,USD,R-000002,"#N/A",11.0,135.0,135.0,PerUnit,2.0,d8928b4d-a8e1-4275-98e6-212e2429cb28,21.0
9459a154-af9b-449a-864e-478afd7d8901,USD,R-000005,"#N/A",101.0,100.0,100.0,PerUnit,5.0,f7af2445-c89b-4110-a227-b39d305ded19,"#N/A"
94c87229-f979-46f4-8935-33cd0b9d93ba,USD,R-000005,"#N/A",101.0,100.0,100.0,PerUnit,5.0,a8d6b895-da61-4013-999e-b1e54d4a7bc6,"#N/A"
9529e118-94be-4921-960e-8f3d4a532228,USD,R-000004,"#N/A",51.0,105.0,105.0,PerUnit,4.0,d46f6d44-7e09-4baa-9ab6-159256aad0f4,101.0
957c6cbd-5ecb-4d4e-9ad7-677a98eb9ee4,USD,R-000004,"#N/A",51.0,105.0,105.0,PerUnit,4.0,40cab4fe-428f-4a40-9b55-ab345cc56071,101.0
95bc5901-5f27-4060-bc7f-286d4d493601,USD,R-000001,"#N/A",1.0,150.0,150.0,PerUnit,1.0,488b81d7-11b0-4b87-bfa7-986540357881,11.0
95c2ca02-b542-49f1-a407-65355d170f8a,USD,R-000002,"#N/A",11.0,135.0,135.0,PerUnit,2.0,4d1ce004-a61a-4c1e-9fc5-bbc454db5f9f,21.0
95c88361-f8f0-4637-9e2e-092e0b5292be,USD,R-000002,"#N/A",11.0,135.0,135.0,PerUnit,2.0,345f365d-981d-437d-bb20-fa3d57a9681b,21.0
967aef56-982f-4804-8777-c3a1e61754da,USD,R-000002,"#N/A",11.0,135.0,135.0,PerUnit,2.0,d5bf3eb0-8cb9-47c3-a833-714d15e53c80,21.0
96d93195-bf07-4724-9d75-a9320f0c0856,USD,R-000003,"#N/A",21.0,120.0,120.0,PerUnit,3.0,b2d74525-18c4-4eae-a7d1-ce574cf9364a,51.0
96e84392-6b1d-419d-92b5-21e7d507cdf7,USD,R-000004,"#N/A",51.0,105.0,105.0,PerUnit,4.0,8e46d3e9-d0d4-42f1-9954-2b7df9c85358,101.0
96ecdb49-6da4-4161-bb1b-fca5a17dcbb6,USD,R-000001,"#N/A",1.0,150.0,150.0,PerUnit,1.0,d9532868-bacd-4095-bfcb-967b25f9b7ec,11.0
97064e1f-ca38-4722-8bf0-780fb726a006,USD,R-000005,"#N/A",101.0,100.0,100.0,PerUnit,5.0,b1135ad0-c537-466e-9fc8-2d7da0924337,"#N/A"
97db2366-111f-4a1d-b4e0-5e36a0bd15c2,USD,R-000001,"#N/A",1.0,150.0,150.0,PerUnit,1.0,d7811e22-6cc4-4997-940b-792384041cb4,11.0
98d25a7f-9204-4b54-b4b3-e9caa70b60b2,USD,R-000005,"#N/A",101.0,100.0,100.0,PerUnit,5.0,3882f13c-7d18-4046-8f59-1020f1ce14fa,"#N/A"
98da9a11-8b36-4c0f-be78-5e03048c537f,USD,R-000001,"#N/A",1.0,150.0,150.0,PerUnit,1.0,14784cd4-82aa-43bb-ae05-9270c36bf64b,11.0
98eba1ec-5009-4195-ba9f-4eb628aa8100,USD,R-000004,"#N/A",51.0,105.0,105.0,PerUnit,4.0,a3eab918-0aaf-4163-bed8-31a454151ee2,101.0
999c97c0-d4ea-41df-b420-c524bfebb45c,USD,R-000001,"#N/A",1.0,150.0,150.0,PerUnit,1.0,b1135ad0-c537-466e-9fc8-2d7da0924337,11.0
99c5b7ae-2535-4860-807a-5fbd43f0908f,USD,R-000005,"#N/A",101.0,100.0,100.0,PerUnit,5.0,650a7ea8-1c52-4c7c-89ea-2b1b0c8147b6,"#N/A"
9a565035-e194-4516-94f2-4a266f670030,USD,R-000005,"#N/A",101.0,100.0,100.0,PerUnit,5.0,4ff77f6a-120f-4d15-9f3a-3dd8168a7a65,"#N/A"
9a6c66bc-7827-46e7-8b35-0351c7ae4230,USD,R-000003,"#N/A",21.0,120.0,120.0,PerUnit,3.0,59c5406b-6752-428d-8069-5afdf790658a,51.0
9b78c3a4-dd2b-4818-b2cf-f02aeec82093,USD,R-000004,"#N/A",51.0,105.0,105.0,PerUnit,4.0,d133c9e6-8b69-4e64-a026-fea10ab4a40e,101.0
9b81fd1a-ba81-4d41-8021-2c1e542cbe79,USD,R-000003,"#N/A",21.0,120.0,120.0,PerUnit,3.0,da6d66d7-631a-4e08-8491-3e4f9bf38954,51.0
9c4a1eec-90bf-4fb8-bdd1-514fb8d835c6,USD,R-000001,"#N/A",1.0,150.0,150.0,PerUnit,1.0,e9bda808-88fb-404a-991c-ab3595f01fcd,11.0
9c59d22e-95b4-4fca-ab1c-7c5d331c49af,USD,R-000005,"#N/A",101.0,100.0,100.0,PerUnit,5.0,db94793e-bb7f-47ac-88c2-744eef4129f8,"#N/A"
9c75e7f7-0dd4-47b1-9cba-fc748c96b3e4,USD,R-000001,"#N/A",1.0,150.0,150.0,PerUnit,1.0,db94793e-bb7f-47ac-88c2-744eef4129f8,11.0
9c8a362e-adc6-45d8-aa65-587637043825,USD,R-000008,"#N/A",3.0,50000.0,50000.0,FlatFee,2.0,5c7599db-386d-4950-a5a8-d44c5c54383a,"#N/A"
9d1304f6-50d7-428c-97e5-10d7d23afb7f,USD,R-000008,"#N/A",3.0,50000.0,50000.0,FlatFee,2.0,d17e4a56-4190-4687-a4a6-58a895294ccf,"#N/A"
9dfe546a-2b11-4e58-b13d-76958b24c699,USD,R-000011,"#N/A",201.0,10.5,10.5,PerUnit,3.0,56d585c5-3610-4f4e-bb7c-54885f82a8d6,301.0
9e070369-d7f8-475b-bd67-52bcc6b0210f,USD,R-000004,"#N/A",51.0,105.0,105.0,PerUnit,4.0,0992dfe3-c303-4178-bbe4-fcba2610d135,101.0
9ebd3432-04db-4d6b-9a5b-820a0e614da9,USD,R-000005,"#N/A",101.0,100.0,100.0,PerUnit,5.0,7027dc9b-28df-4a95-a7f9-85051e31e308,"#N/A"
9ecea1c7-db58-47aa-88c9-f8ef9575c5da,USD,R-000001,"#N/A",1.0,150.0,150.0,PerUnit,1.0,3d194e4a-219a-467f-b945-53b185f5d990,11.0
9ed61efa-7428-43da-a794-b85e283848ae,USD,R-000001,"#N/A",1.0,150.0,150.0,PerUnit,1.0,a218b24c-b79b-4898-a287-14db54e12c43,11.0
9f21cdb8-b585-4d84-a3e9-6111b2d52c7a,USD,R-000002,"#N/A",11.0,135.0,135.0,PerUnit,2.0,bf2d166b-355b-4274-a8dd-d344484c3466,21.0
9f71e923-8089-46ae-9b28-a2b75c434790,USD,R-000001,"#N/A",1.0,150.0,150.0,PerUnit,1.0,22268117-9bb1-4023-ba5f-2ad98a1e3aeb,11.0
9fb183b4-4a12-4a29-aa55-20a30cf75cdb,USD,R-000001,"#N/A",1.0,150.0,150.0,PerUnit,1.0,5c417950-d0eb-4b7e-9922-13004ddd37e3,11.0
a09e7f3b-7200-4d2c-9dde-f3063589fbdc,USD,R-000001,"#N/A",1.0,150.0,150.0,PerUnit,1.0,7cb71a5e-9a85-4d7b-800c-f8c742ec792a,11.0
a0cec429-83e3-4e20-8d5a-547219cad068,USD,R-000002,"#N/A",11.0,135.0,135.0,PerUnit,2.0,f7af2445-c89b-4110-a227-b39d305ded19,21.0
a18387cc-48c9-4ac6-99fe-8f622310387d,USD,R-000003,"#N/A",21.0,120.0,120.0,PerUnit,3.0,aa128f28-2358-46fa-a75f-a4c462b87e3b,51.0
a186658b-4951-42ab-9f17-c66becda123b,USD,R-000003,"#N/A",21.0,120.0,120.0,PerUnit,3.0,d4c851fa-d537-43b3-9567-620bd146bc39,51.0
a1a4538e-4a85-4706-afef-9e53236e11f7,USD,R-000003,"#N/A",21.0,120.0,120.0,PerUnit,3.0,1bbd5c5e-6698-472f-ae52-0f21aa79cb29,51.0
a1b14e4a-6a42-44bb-8f88-59504afc694d,USD,R-000001,"#N/A",1.0,150.0,150.0,PerUnit,1.0,59c9246a-90bd-4fe2-bc0d-7b10f9df1028,11.0
a2189da1-8cc4-44f9-a0dd-97ddfac29050,USD,R-000004,"#N/A",51.0,105.0,105.0,PerUnit,4.0,cca17b79-dcd9-4f5c-a2e4-664512b6853e,101.0
a21a8bea-1ad9-4b0d-847d-05b728754e3f,USD,R-000002,"#N/A",11.0,135.0,135.0,PerUnit,2.0,9736deba-b3ab-465f-94dd-ed745426c2fb,21.0
a283cc66-4cfe-499d-9e5b-5ab687ac646a,USD,R-000004,"#N/A",51.0,105.0,105.0,PerUnit,4.0,31b08e85-75c9-41ee-a573-56b2b06887f4,101.0
a391b1a6-8e5c-4243-a280-030920709382,USD,R-000005,"#N/A",101.0,100.0,100.0,PerUnit,5.0,c5c6498b-ebfe-48a2-9893-47b747513c20,"#N/A"
a396181d-d36e-4be0-bfdb-0151f8aea2a1,USD,R-000004,"#N/A",51.0,105.0,105.0,PerUnit,4.0,6e4a87bf-e07f-4f44-b2c4-92d4f3049c50,101.0
a3ad78da-b94a-4924-993f-5ce1af5dafae,USD,R-000002,"#N/A",11.0,135.0,135.0,PerUnit,2.0,ab6bb962-693b-4105-9331-3fa17ffd4f18,21.0
a44572a0-7f8f-4212-bff8-9316f8b425da,USD,R-000002,"#N/A",11.0,135.0,135.0,PerUnit,2.0,257d40dc-658d-4d3b-a4ea-91f74c23af6a,21.0
a4dbc135-9fc8-463d-9ccc-1ff3bae0d42c,USD,R-000004,"#N/A",51.0,105.0,105.0,PerUnit,4.0,9ded173a-80b2-4e32-ba10-c34982ccddd6,101.0
a5404680-5635-4f7f-b1f4-48b938c997c5,USD,R-000005,"#N/A",101.0,100.0,100.0,PerUnit,5.0,743f006f-6562-40ba-90b1-7e94cea36afc,"#N/A"
a5752262-81cf-4a9c-8d06-9ec3643ec8ff,USD,R-000002,"#N/A",11.0,135.0,135.0,PerUnit,2.0,650a7ea8-1c52-4c7c-89ea-2b1b0c8147b6,21.0
a6f8bb0b-b6bc-4e52-b34b-c02b06c2943b,USD,R-000005,"#N/A",101.0,100.0,100.0,PerUnit,5.0,d67ca019-47c0-4238-992b-745fd8439646,"#N/A"
a730c310-0223-46d6-8c85-b0606d03cbfe,USD,R-000002,"#N/A",11.0,135.0,135.0,PerUnit,2.0,846fc643-a304-47da-bf12-357945f4fb56,21.0
a7a8e1d3-c7d9-4a51-87f1-bb343233d97f,USD,R-000003,"#N/A",21.0,120.0,120.0,PerUnit,3.0,19a01c13-cef3-4e8f-9475-93435fdc7d77,51.0
a857d162-dea0-4027-bd01-92ffc2e3c34d,USD,R-000002,"#N/A",11.0,135.0,135.0,PerUnit,2.0,22268117-9bb1-4023-ba5f-2ad98a1e3aeb,21.0
a8bdf996-e759-46bc-bce4-826c811871b9,USD,R-000003,"#N/A",21.0,120.0,120.0,PerUnit,3.0,12fd7c0a-8405-48fa-aae0-a6a3ce35d109,51.0
a8fab092-fddb-458e-859d-7ecb6b20b011,USD,R-000005,"#N/A",101.0,100.0,100.0,PerUnit,5.0,a218b24c-b79b-4898-a287-14db54e12c43,"#N/A"
a96fdea3-353b-43fe-b6d6-4838f231bdb8,USD,R-000004,"#N/A",51.0,105.0,105.0,PerUnit,4.0,19a01c13-cef3-4e8f-9475-93435fdc7d77,101.0
aa92ec97-7db0-4289-a4be-51f40a92452f,USD,R-000005,"#N/A",101.0,100.0,100.0,PerUnit,5.0,a3f9f7d5-6b4c-4429-b643-edab1ca118ba,"#N/A"
aad7ecc5-4e90-44ae-b524-fea5a21bd2a9,USD,R-000005,"#N/A",101.0,100.0,100.0,PerUnit,5.0,4c087689-8788-40b0-9f5f-83403013baed,"#N/A"
aaf538b8-afcf-48e4-9b5f-5175b1f35252,USD,R-000005,"#N/A",101.0,100.0,100.0,PerUnit,5.0,149863ce-5f1e-4e03-bcb1-ac410c732beb,"#N/A"
abace200-17e3-4741-bfef-a8f7e63190db,USD,R-000001,"#N/A",1.0,150.0,150.0,PerUnit,1.0,c8f32660-e721-46d7-841c-513b568a54c3,11.0
abb2db0e-34be-411a-aa57-e67ae698c0c6,USD,R-000003,"#N/A",21.0,120.0,120.0,PerUnit,3.0,6390bc28-2a73-40ce-8868-be015130c4e6,51.0
abf87cfe-d3a9-4c70-b503-7e099ad791f6,USD,R-000002,"#N/A",11.0,135.0,135.0,PerUnit,2.0,d7811e22-6cc4-4997-940b-792384041cb4,21.0
ac6a4cc4-1c31-41b8-a194-b67bef31825d,USD,R-000005,"#N/A",101.0,100.0,100.0,PerUnit,5.0,d61690ba-d555-49a5-beac-ea3c1b937071,"#N/A"
ac7ad5be-5196-4d2d-8c4c-70c988c65adc,USD,R-000004,"#N/A",51.0,105.0,105.0,PerUnit,4.0,4ff77f6a-120f-4d15-9f3a-3dd8168a7a65,101.0
ad210d35-d9fc-42d8-9225-113ad1d45319,USD,R-000004,"#N/A",51.0,105.0,105.0,PerUnit,4.0,d34fb3cc-97db-431f-9cad-304b0d14e47f,101.0
ad8a6d1d-3380-4163-8358-3bd1bdf66884,USD,R-000003,"#N/A",21.0,120.0,120.0,PerUnit,3.0,f199a845-f3d2-4461-ac87-ffb552cb8441,51.0
add1a30d-ba8f-4d51-865c-4d695b48d453,USD,R-000003,"#N/A",21.0,120.0,120.0,PerUnit,3.0,11504536-6665-4ee6-832a-9089396db90c,51.0
ae4e8679-c178-408a-babf-058957bfd2af,USD,R-000005,"#N/A",101.0,100.0,100.0,PerUnit,5.0,b2d74525-18c4-4eae-a7d1-ce574cf9364a,"#N/A"
ae5e7a01-3947-4be2-a575-d7876a5a0b8b,USD,R-000001,"#N/A",1.0,150.0,150.0,PerUnit,1.0,b2d74525-18c4-4eae-a7d1-ce574cf9364a,11.0
af6b94b0-643a-4447-bfb4-bb92f7778811,USD,R-000005,"#N/A",101.0,100.0,100.0,PerUnit,5.0,09d9c1e1-3289-4a56-ab73-8ab1e66a2186,"#N/A"
afe079fb-759b-4d5f-bf4f-b86096cbc773,USD,R-000002,"#N/A",11.0,135.0,135.0,PerUnit,2.0,13fdae05-615c-43b7-b295-7ff6e860a874,21.0
b019c8eb-602e-441a-a7cb-c332d6b0a4b3,USD,R-000001,"#N/A",1.0,150.0,150.0,PerUnit,1.0,664a6275-17b4-484f-81ad-a7e119965714,11.0
b10e221c-0744-4188-942e-78ed40992e6b,USD,R-000002,"#N/A",11.0,135.0,135.0,PerUnit,2.0,c361bc2b-8b6e-44f3-84c1-cfc512680f1a,21.0
b16c1072-6720-4dbb-9fbe-15b576db2c69,USD,R-000004,"#N/A",51.0,105.0,105.0,PerUnit,4.0,7cb71a5e-9a85-4d7b-800c-f8c742ec792a,101.0
b182ba04-cbf9-42aa-9254-41ef26b8199d,USD,R-000003,"#N/A",21.0,120.0,120.0,PerUnit,3.0,7d91dff4-d1ed-4fd4-a187-86d58131010b,51.0
b24b34b5-1426-462f-b1ad-a2d0accdecfe,USD,R-000002,"#N/A",11.0,135.0,135.0,PerUnit,2.0,4ff77f6a-120f-4d15-9f3a-3dd8168a7a65,21.0
b2937ccd-525d-4e60-a2ed-a901ca5423b1,USD,R-000002,"#N/A",11.0,135.0,135.0,PerUnit,2.0,59c9246a-90bd-4fe2-bc0d-7b10f9df1028,21.0
b2ab747b-575b-4a0f-8161-9545bec00ea7,USD,R-000004,"#N/A",51.0,105.0,105.0,PerUnit,4.0,db94793e-bb7f-47ac-88c2-744eef4129f8,101.0
b2e5becb-72ca-4032-a27b-65c7353886b2,USD,R-000004,"#N/A",51.0,105.0,105.0,PerUnit,4.0,1539a098-23b6-47ef-854e-5d4dab30f9b5,101.0
b3304b20-878c-43e8-9522-8b5732d2050c,USD,R-000001,"#N/A",1.0,150.0,150.0,PerUnit,1.0,21782450-81c6-4682-9af0-5e65cac98214,11.0
b37fb7d2-346c-4b40-8acb-ee05f750d19c,USD,R-000003,"#N/A",21.0,120.0,120.0,PerUnit,3.0,281bba06-eca8-48aa-bc9c-4799be648062,51.0
b3ffcd5e-31b6-42fd-b1ea-0188901318b1,USD,R-000004,"#N/A",51.0,105.0,105.0,PerUnit,4.0,f487f22a-5ae7-4136-a38c-74999cf8a0ff,101.0
b43b15d8-6d92-4d34-b2af-81bb4e44d62a,USD,R-000003,"#N/A",21.0,120.0,120.0,PerUnit,3.0,db94793e-bb7f-47ac-88c2-744eef4129f8,51.0
b4df5220-1931-4b2e-8a0e-2c910c8fb36e,USD,R-000001,"#N/A",1.0,150.0,150.0,PerUnit,1.0,8e124a8c-111c-4fec-916f-552a2cf55b1a,11.0
b533c761-7d87-4b2a-af42-29eaec5faef8,USD,R-000001,"#N/A",1.0,150.0,150.0,PerUnit,1.0,9ebdeece-2d26-48bd-b171-aacecbee230f,11.0
b7742801-7116-46bd-aacb-155a3bb5aab9,USD,R-000006,"#N/A",0.0,45000.0,45000.0,PerUnit,1.0,f88f7ae6-b190-418e-8d1f-f96f70d3fb0e,3.0
b7b11f3b-4181-4ca3-8945-5efbd613111c,USD,R-000003,"#N/A",21.0,120.0,120.0,PerUnit,3.0,fef2a773-1863-40ea-a296-3cc6673fea2c,51.0
b7f86404-194b-4cd5-a711-8ce4acdd5af3,USD,R-000004,"#N/A",51.0,105.0,105.0,PerUnit,4.0,9ebdeece-2d26-48bd-b171-aacecbee230f,101.0
b8608efd-5948-48bc-baa0-7b323e097064,USD,R-000006,"#N/A",0.0,45000.0,45000.0,PerUnit,1.0,b165348b-b479-456a-8960-dd8f864245d4,3.0
b8a27499-efc3-4fd7-b168-04209a9457cb,USD,R-000001,"#N/A",1.0,150.0,150.0,PerUnit,1.0,c2bd4934-dd8c-4284-b0a0-332dde9709b6,11.0
b8b66a66-6ddb-487d-9ef6-3ca729b1d08b,USD,R-000004,"#N/A",51.0,105.0,105.0,PerUnit,4.0,aa128f28-2358-46fa-a75f-a4c462b87e3b,101.0
b8ec3465-ed91-423d-8a4e-031e49b734cb,USD,R-000003,"#N/A",21.0,120.0,120.0,PerUnit,3.0,4d1ce004-a61a-4c1e-9fc5-bbc454db5f9f,51.0
b91bd8eb-d9e5-48b9-8347-3f7a3e8080dd,USD,R-000004,"#N/A",51.0,105.0,105.0,PerUnit,4.0,c2bd4934-dd8c-4284-b0a0-332dde9709b6,101.0
b921738a-f9a1-41db-93be-fb37668aceec,USD,R-000005,"#N/A",101.0,100.0,100.0,PerUnit,5.0,4d1ce004-a61a-4c1e-9fc5-bbc454db5f9f,"#N/A"
b945aaf2-c49b-40d4-aa2d-b780a7f5d69e,USD,R-000004,"#N/A",51.0,105.0,105.0,PerUnit,4.0,743f006f-6562-40ba-90b1-7e94cea36afc,101.0
b98f1d86-d7aa-4d41-849d-c36e3c01881b,USD,R-000003,"#N/A",21.0,120.0,120.0,PerUnit,3.0,a8d6b895-da61-4013-999e-b1e54d4a7bc6,51.0
b9a980e2-53d6-472f-bf74-a8a8b5ca5b05,USD,R-000006,"#N/A",0.0,45000.0,45000.0,PerUnit,1.0,5c7599db-386d-4950-a5a8-d44c5c54383a,3.0
ba14f201-98e3-4dc5-b542-29d6b817d237,USD,R-000001,"#N/A",1.0,150.0,150.0,PerUnit,1.0,7fc7b0f1-182e-4585-bb52-644a78f2ad2c,11.0
ba18df2e-ca10-4d4b-8b97-8d7f9076226f,USD,R-000002,"#N/A",11.0,135.0,135.0,PerUnit,2.0,ace073ad-d98e-4068-a17b-c347b619b32c,21.0
ba1c8ba5-d947-45dc-a0bf-bf9256fc6318,USD,R-000001,"#N/A",1.0,150.0,150.0,PerUnit,1.0,1673b3f0-f20d-4392-b2de-90cd236246ea,11.0
ba565e57-6f21-49c9-99c3-14c4a8028d97,USD,R-000001,"#N/A",1.0,150.0,150.0,PerUnit,1.0,7723026a-5910-4ebc-9964-85dcba850ba4,11.0
bab6260d-a630-4bad-b3fd-881dd2e4ad82,USD,R-000002,"#N/A",11.0,135.0,135.0,PerUnit,2.0,e9d93889-be37-4313-a91c-db9b7e642625,21.0
badb4154-75bc-4b3e-b0e2-77aec8ac7d3c,USD,R-000003,"#N/A",21.0,120.0,120.0,PerUnit,3.0,522d125e-5723-44b8-b039-b9e29a7d01d3,51.0
bb320f02-e055-4366-9bb1-85d5a14833e1,USD,R-000005,"#N/A",101.0,100.0,100.0,PerUnit,5.0,bf2d166b-355b-4274-a8dd-d344484c3466,"#N/A"
bbc94bf9-c139-489e-9754-d069ce4bddfa,USD,R-000002,"#N/A",11.0,135.0,135.0,PerUnit,2.0,b52661a3-3da3-4365-820c-4ed0e886e249,21.0
bc4f7e8e-1f76-4b6c-bbaa-05b1851e96de,USD,R-000004,"#N/A",51.0,105.0,105.0,PerUnit,4.0,d1994168-7443-4554-9d93-c55111849e31,101.0
bc920186-1b06-445c-9870-e89233491ca9,USD,R-000002,"#N/A",11.0,135.0,135.0,PerUnit,2.0,522d125e-5723-44b8-b039-b9e29a7d01d3,21.0
bcbdb0e1-870b-4516-9630-171231ec79ff,USD,R-000002,"#N/A",11.0,135.0,135.0,PerUnit,2.0,b41e0e4d-ace0-4163-b320-e2247c1cbc65,21.0
bcef7f96-19f9-4583-bcaf-2d27bb0930e8,USD,R-000005,"#N/A",101.0,100.0,100.0,PerUnit,5.0,6390bc28-2a73-40ce-8868-be015130c4e6,"#N/A"
bd97aed8-3e25-4136-8266-1129efd01973,USD,R-000003,"#N/A",21.0,120.0,120.0,PerUnit,3.0,6e4a87bf-e07f-4f44-b2c4-92d4f3049c50,51.0
bdbfdc89-4fa1-457a-9cbc-4e20d9208133,USD,R-000002,"#N/A",11.0,135.0,135.0,PerUnit,2.0,da6d66d7-631a-4e08-8491-3e4f9bf38954,21.0
bdd52359-e35e-4cc0-bb71-d697ba3cf9bd,USD,R-000005,"#N/A",101.0,100.0,100.0,PerUnit,5.0,14784cd4-82aa-43bb-ae05-9270c36bf64b,"#N/A"
bdf41ca4-d5d5-48b9-8f45-a991879d1796,USD,R-000004,"#N/A",51.0,105.0,105.0,PerUnit,4.0,1bbd5c5e-6698-472f-ae52-0f21aa79cb29,101.0
be073490-a82b-464b-8c68-1aa56c804d78,USD,R-000005,"#N/A",101.0,100.0,100.0,PerUnit,5.0,03d1e1db-2ae9-426e-9e3e-1cda7d6027fd,"#N/A"
bedeff29-a462-486a-a88e-c468f8486fe0,USD,R-000005,"#N/A",101.0,100.0,100.0,PerUnit,5.0,d34fb3cc-97db-431f-9cad-304b0d14e47f,"#N/A"
bee97323-a4db-490f-bba4-5c9c546dc3e0,USD,R-000005,"#N/A",101.0,100.0,100.0,PerUnit,5.0,25d20273-cdfa-4044-8290-78f3650c5ca1,"#N/A"
bf8942ef-9c78-44aa-b58e-f38372658533,USD,R-000005,"#N/A",101.0,100.0,100.0,PerUnit,5.0,ace073ad-d98e-4068-a17b-c347b619b32c,"#N/A"
bf9fc9d0-104c-461c-9b3b-2500ccc1ea4e,USD,R-000012,"#N/A",301.0,10.0,10.0,PerUnit,4.0,680ad24a-e11e-463c-91b5-752245d96a8c,"#N/A"
c029f4a9-7b44-481e-b091-2cf046a752e7,USD,R-000004,"#N/A",51.0,105.0,105.0,PerUnit,4.0,674d3bb0-744a-4ea2-b1a7-17bce82e6170,101.0
c0d21cf5-0470-4e0d-ab47-bbdb64869cdc,USD,R-000001,"#N/A",1.0,150.0,150.0,PerUnit,1.0,78cd8e27-53ea-411d-b043-9a58f44b65f2,11.0
c0d39623-2893-47ec-976b-2eb9a32a98a9,USD,R-000002,"#N/A",11.0,135.0,135.0,PerUnit,2.0,c28139a2-18e9-457c-ba5e-df7b610288aa,21.0
c105ef4f-249e-4412-827b-91198b98d088,USD,R-000003,"#N/A",21.0,120.0,120.0,PerUnit,3.0,8e46d3e9-d0d4-42f1-9954-2b7df9c85358,51.0
c19aad11-324b-40fb-bf4e-b7027bacb003,USD,R-000002,"#N/A",11.0,135.0,135.0,PerUnit,2.0,a5d93aba-aa5b-45b0-9b2f-e60f1c9a00d1,21.0
c211bc50-6ac3-46d6-b752-4c731b623138,USD,R-000004,"#N/A",51.0,105.0,105.0,PerUnit,4.0,defff1c7-1aef-41f0-9e4b-db511f94f5c5,101.0
c269de8f-fed6-49ac-9bf5-04f5ee44805f,USD,R-000003,"#N/A",21.0,120.0,120.0,PerUnit,3.0,a3f9f7d5-6b4c-4429-b643-edab1ca118ba,51.0
c37b752e-3cb6-48df-a7b6-c62ab65d8db7,USD,R-000004,"#N/A",51.0,105.0,105.0,PerUnit,4.0,d61690ba-d555-49a5-beac-ea3c1b937071,101.0
c3e410f2-0100-426d-b266-900470e28ee4,USD,R-000011,"#N/A",201.0,10.5,10.5,PerUnit,3.0,86750596-5858-4705-a3c1-ae758c654c3e,301.0
c48bad6f-71e6-4245-a2dc-f69dbf2daa01,USD,R-000001,"#N/A",1.0,150.0,150.0,PerUnit,1.0,ace073ad-d98e-4068-a17b-c347b619b32c,11.0
c4b10815-f06e-4826-a72f-c6c92536ab8b,USD,R-000003,"#N/A",21.0,120.0,120.0,PerUnit,3.0,25d20273-cdfa-4044-8290-78f3650c5ca1,51.0
c5669f76-0c66-4061-88db-399afc017062,USD,R-000002,"#N/A",11.0,135.0,135.0,PerUnit,2.0,4010e59b-b75f-4edb-a00d-233d55e495df,21.0
c58a98d5-580d-4457-b04c-8b5a9e611065,USD,R-000008,"#N/A",3.0,50000.0,50000.0,FlatFee,2.0,46822f7e-c527-4ada-97fd-bf7acc101a5e,"#N/A"
c5e9c732-a6fb-4270-a311-8390d5975e21,USD,R-000001,"#N/A",1.0,150.0,150.0,PerUnit,1.0,9736deba-b3ab-465f-94dd-ed745426c2fb,11.0
c61c40f7-4228-4c30-83a0-b6c207fee733,USD,R-000004,"#N/A",51.0,105.0,105.0,PerUnit,4.0,d9b19072-57f6-43d9-a032-2dfb37b9b30c,101.0
c65324ce-7d1c-4b09-af9c-2dd0e59c2503,USD,R-000001,"#N/A",1.0,150.0,150.0,PerUnit,1.0,60eea361-66ac-45a7-9aef-bfd4ed959ce9,11.0
c65471e1-3a24-41cc-b638-81547c5a1737,USD,R-000005,"#N/A",101.0,100.0,100.0,PerUnit,5.0,11504536-6665-4ee6-832a-9089396db90c,"#N/A"
c6704868-56c2-4e61-bece-a53d2481d6e7,USD,R-000003,"#N/A",21.0,120.0,120.0,PerUnit,3.0,af865cfd-f7ea-4582-880a-68ecb9ad4650,51.0
c6946111-a51c-4cbc-bd26-b8e83c9322e4,USD,R-000002,"#N/A",11.0,135.0,135.0,PerUnit,2.0,ddf5fe4c-d3c5-48a3-b5df-74144c934f90,21.0
c6e4b910-3dad-4ad9-97d3-90bdbebb1b7a,USD,R-000004,"#N/A",51.0,105.0,105.0,PerUnit,4.0,650a7ea8-1c52-4c7c-89ea-2b1b0c8147b6,101.0
c772b043-0375-4300-8d08-ed8dabf03fb4,USD,R-000001,"#N/A",1.0,150.0,150.0,PerUnit,1.0,f7af2445-c89b-4110-a227-b39d305ded19,11.0
c775a6cc-3e55-46dc-b0b5-e7e3444d0a11,USD,R-000004,"#N/A",51.0,105.0,105.0,PerUnit,4.0,5be037c4-5bee-454d-9723-4b210352a5a0,101.0
c786a97e-eeed-4f7e-ac4e-281147510a38,USD,R-000003,"#N/A",21.0,120.0,120.0,PerUnit,3.0,7cde8a2d-0a62-48af-876c-44ec44b4a7ae,51.0
c7f648fb-9951-4650-a1a2-d245da8423f3,USD,R-000004,"#N/A",51.0,105.0,105.0,PerUnit,4.0,fef2a773-1863-40ea-a296-3cc6673fea2c,101.0
c81e968e-4645-4567-aa4c-581e347acc1d,USD,R-000002,"#N/A",11.0,135.0,135.0,PerUnit,2.0,c201fcf5-077a-452e-8f5f-d0f7cfe17f66,21.0
c83d6e54-8927-4fca-9fed-3d48892abb22,USD,R-000003,"#N/A",21.0,120.0,120.0,PerUnit,3.0,9ebdeece-2d26-48bd-b171-aacecbee230f,51.0
c8422b12-7c70-48f7-8423-df7bc6bce822,USD,R-000002,"#N/A",11.0,135.0,135.0,PerUnit,2.0,c8f32660-e721-46d7-841c-513b568a54c3,21.0
c8b079d6-a47d-4d21-aa58-7c49db4e0582,USD,R-000001,"#N/A",1.0,150.0,150.0,PerUnit,1.0,e8918a3a-8104-4781-a58e-5087c4bd53d8,11.0
c91eb59e-a14e-4067-b201-144f023649c4,USD,R-000001,"#N/A",1.0,150.0,150.0,PerUnit,1.0,40cab4fe-428f-4a40-9b55-ab345cc56071,11.0
c94e3da9-c29e-4103-a5c3-6f9213dbdf65,USD,R-000001,"#N/A",1.0,150.0,150.0,PerUnit,1.0,d7415d9b-e853-4442-a3c7-592267125bb3,11.0
c9514e79-3db1-4778-812b-fd37238a9ed8,USD,R-000003,"#N/A",21.0,120.0,120.0,PerUnit,3.0,d133c9e6-8b69-4e64-a026-fea10ab4a40e,51.0
c95d9bb2-df95-4254-a027-73bcc10e9b9b,USD,R-000005,"#N/A",101.0,100.0,100.0,PerUnit,5.0,e9d93889-be37-4313-a91c-db9b7e642625,"#N/A"
c95e846c-6de9-4259-8dcf-d1ae70b4a1b4,USD,R-000002,"#N/A",11.0,135.0,135.0,PerUnit,2.0,a218b24c-b79b-4898-a287-14db54e12c43,21.0
c9c1de66-f85e-4689-ab91-2e49d7d069b1,USD,R-000003,"#N/A",21.0,120.0,120.0,PerUnit,3.0,883ddd2e-8a7a-4d22-b18b-56b51382aeec,51.0
c9d842ed-0d03-4a3e-b379-9d8f69f64a8e,USD,R-000004,"#N/A",51.0,105.0,105.0,PerUnit,4.0,c28139a2-18e9-457c-ba5e-df7b610288aa,101.0
c9e3dc83-824d-4a7f-9760-c21741651983,USD,R-000004,"#N/A",51.0,105.0,105.0,PerUnit,4.0,d8c15476-8985-4c64-b845-564b57fc0a6e,101.0
ca226e35-b395-4ad6-a215-e79f20a95d1e,USD,R-000003,"#N/A",21.0,120.0,120.0,PerUnit,3.0,650a7ea8-1c52-4c7c-89ea-2b1b0c8147b6,51.0
ca2cd468-27f9-4a41-8f2e-1e0e4fd6ca6b,USD,R-000001,"#N/A",1.0,150.0,150.0,PerUnit,1.0,743f006f-6562-40ba-90b1-7e94cea36afc,11.0
cacaf5d4-0be1-43fc-8172-4e3e3a067627,USD,R-000004,"#N/A",51.0,105.0,105.0,PerUnit,4.0,9736deba-b3ab-465f-94dd-ed745426c2fb,101.0
caedbf97-3260-4a50-8333-b02bb9469976,USD,R-000005,"#N/A",101.0,100.0,100.0,PerUnit,5.0,664a6275-17b4-484f-81ad-a7e119965714,"#N/A"
cc4a1149-3d92-4f96-981a-f3c7dddd9177,USD,R-000001,"#N/A",1.0,150.0,150.0,PerUnit,1.0,cca17b79-dcd9-4f5c-a2e4-664512b6853e,11.0
cc5bf624-2755-43c7-aa08-1b66c1079985,USD,R-000001,"#N/A",1.0,150.0,150.0,PerUnit,1.0,e13eb79b-27eb-42fd-95b8-ac2bff081d26,11.0
cd54a07a-8f79-4ca9-8fbb-99ea54752ae6,USD,R-000002,"#N/A",11.0,135.0,135.0,PerUnit,2.0,743f006f-6562-40ba-90b1-7e94cea36afc,21.0
cd556bae-e3bf-498e-a945-f8d7b81e9f57,USD,R-000004,"#N/A",51.0,105.0,105.0,PerUnit,4.0,78cd8e27-53ea-411d-b043-9a58f44b65f2,101.0
cd85bac8-cbb3-4612-bf0d-4c50a2b66437,USD,R-000002,"#N/A",11.0,135.0,135.0,PerUnit,2.0,f8f462b3-16db-4904-acd4-6f336067b27c,21.0
cd9ba9a3-31d0-4207-a417-34005f224527,USD,R-000011,"#N/A",201.0,10.5,10.5,PerUnit,3.0,529d389c-1d59-481d-aac8-8edbbf779c00,301.0
cdc064b8-b906-4183-9ce2-36d4941cdf29,USD,R-000010,"#N/A",101.0,11.0,11.0,PerUnit,2.0,529d389c-1d59-481d-aac8-8edbbf779c00,201.0
cde05994-a9e3-418a-81e1-7b7f2ccb17d8,USD,R-000001,"#N/A",1.0,150.0,150.0,PerUnit,1.0,c361bc2b-8b6e-44f3-84c1-cfc512680f1a,11.0
ce065e05-6f6f-4ccf-82a4-a5e60ba34b7c,USD,R-000004,"#N/A",51.0,105.0,105.0,PerUnit,4.0,f8f462b3-16db-4904-acd4-6f336067b27c,101.0
cf446641-bfd5-4e73-869d-52ad75b3b992,USD,R-000004,"#N/A",51.0,105.0,105.0,PerUnit,4.0,13dd5b31-cb15-41e3-b473-d1b247be25b7,101.0
cf5883e3-1bd1-41b4-8fd2-accc235f9f3f,USD,R-000002,"#N/A",11.0,135.0,135.0,PerUnit,2.0,d34fb3cc-97db-431f-9cad-304b0d14e47f,21.0
cf71c123-457a-4a7e-8421-b7b23d559426,USD,R-000002,"#N/A",11.0,135.0,135.0,PerUnit,2.0,60eea361-66ac-45a7-9aef-bfd4ed959ce9,21.0
cfb82e51-07b2-4984-a62f-828cc4e23f35,USD,R-000004,"#N/A",51.0,105.0,105.0,PerUnit,4.0,d4c851fa-d537-43b3-9567-620bd146bc39,101.0
cfd95b01-59ac-44d9-8e73-e57590465aef,USD,R-000001,"#N/A",1.0,150.0,150.0,PerUnit,1.0,c668bff5-03e6-446d-86be-95defd8fc944,11.0
cfef0b80-44c1-43ec-a4d3-a7c821d77692,USD,R-000004,"#N/A",51.0,105.0,105.0,PerUnit,4.0,75026ea8-51c6-4087-bfa5-18bfbc51d5e8,101.0
d0bb5102-b671-4f2f-8498-37da0faaf41f,USD,R-000002,"#N/A",11.0,135.0,135.0,PerUnit,2.0,78b5611a-178c-4a9b-9895-038883159900,21.0
d0ce47ca-b2be-401a-9ee2-7557aec2d9ea,USD,R-000004,"#N/A",51.0,105.0,105.0,PerUnit,4.0,60eea361-66ac-45a7-9aef-bfd4ed959ce9,101.0
d1ba705d-3573-45b0-aa62-77bcaa4bdf4e,USD,R-000003,"#N/A",21.0,120.0,120.0,PerUnit,3.0,e9bda808-88fb-404a-991c-ab3595f01fcd,51.0
d1de66d3-b73d-4bc6-986f-ab8a84fd6b11,USD,R-000004,"#N/A",51.0,105.0,105.0,PerUnit,4.0,a7efa496-9fd0-4306-acbc-b8c7cc06dd86,101.0
d243ffef-734f-4bfb-9fe0-66b7e27ee4bf,USD,R-000003,"#N/A",21.0,120.0,120.0,PerUnit,3.0,3d194e4a-219a-467f-b945-53b185f5d990,51.0
d29455e9-dc30-4976-9bc9-dbdd64962238,USD,R-000003,"#N/A",21.0,120.0,120.0,PerUnit,3.0,4418f87b-0bb9-4e3d-ba24-270378e16148,51.0
d2c3522a-50f0-4fae-ad24-b149957d1da4,USD,R-000004,"#N/A",51.0,105.0,105.0,PerUnit,4.0,c79aa45a-1179-4d9c-b732-cbb2d1a73d4a,101.0
d31ba0f0-9058-466d-b6d7-abf1b0d22ccb,USD,R-000002,"#N/A",11.0,135.0,135.0,PerUnit,2.0,7dd542ec-ab38-4b3d-ab1a-2b3c0aaff415,21.0
d3c29a7c-a32a-4e06-8952-27af19ab05fa,USD,R-000001,"#N/A",1.0,150.0,150.0,PerUnit,1.0,94b00c65-a57d-43a8-95b2-7abc3e910e04,11.0
d443f995-828e-46f4-9170-b0b2558ccf19,USD,R-000002,"#N/A",11.0,135.0,135.0,PerUnit,2.0,f487f22a-5ae7-4136-a38c-74999cf8a0ff,21.0
d4504157-9664-4d0d-be3c-7b5979553313,USD,R-000004,"#N/A",51.0,105.0,105.0,PerUnit,4.0,7fc7b0f1-182e-4585-bb52-644a78f2ad2c,101.0
d45ee830-082b-4ad6-b66b-9c479890874e,USD,R-000005,"#N/A",101.0,100.0,100.0,PerUnit,5.0,0d4aaa47-d8c2-406b-b735-abab99ee6891,"#N/A"
d498d0ea-22a8-43c3-823a-2e6b9c12a27c,USD,R-000003,"#N/A",21.0,120.0,120.0,PerUnit,3.0,0d7b9347-562d-41e2-865d-2e5b1f333d0c,51.0
d4a10887-4177-4518-8c4f-0367123f4ddf,USD,R-000002,"#N/A",11.0,135.0,135.0,PerUnit,2.0,7ed61196-eab3-4c2e-9189-44746b60a826,21.0
d4f653df-4543-4ccd-944c-c74f5daf2da3,USD,R-000001,"#N/A",1.0,150.0,150.0,PerUnit,1.0,d46f6d44-7e09-4baa-9ab6-159256aad0f4,11.0
d5473db6-75b8-44d4-879e-5688ad46cd26,USD,R-000002,"#N/A",11.0,135.0,135.0,PerUnit,2.0,1539a098-23b6-47ef-854e-5d4dab30f9b5,21.0
d590f754-703b-4c28-ae0d-64660308dab7,USD,R-000005,"#N/A",101.0,100.0,100.0,PerUnit,5.0,c8f32660-e721-46d7-841c-513b568a54c3,"#N/A"
d642258b-5dc4-4160-b115-e1e0e1d70cc1,USD,R-000001,"#N/A",1.0,150.0,150.0,PerUnit,1.0,7dd542ec-ab38-4b3d-ab1a-2b3c0aaff415,11.0
d6c2b484-f2cb-4876-a588-35fcd59c169d,USD,R-000005,"#N/A",101.0,100.0,100.0,PerUnit,5.0,5be037c4-5bee-454d-9723-4b210352a5a0,"#N/A"
d6f39b7b-73e8-4947-a68e-7fb271cb672b,USD,R-000003,"#N/A",21.0,120.0,120.0,PerUnit,3.0,03d1e1db-2ae9-426e-9e3e-1cda7d6027fd,51.0
d76460b5-3c26-44a3-b350-1d69638042f9,USD,R-000009,"#N/A",1.0,12.0,12.0,PerUnit,1.0,0f69ffb0-21e2-47bc-aba2-6852ebab7c63,101.0
d7676d24-7764-4df5-8cc5-f48a56facc77,USD,R-000003,"#N/A",21.0,120.0,120.0,PerUnit,3.0,8e124a8c-111c-4fec-916f-552a2cf55b1a,51.0
d7b861c2-4212-4b90-b36d-7cd1de7f6118,USD,R-000001,"#N/A",1.0,150.0,150.0,PerUnit,1.0,d67ca019-47c0-4238-992b-745fd8439646,11.0
d839d77a-3c7b-42ea-ac33-4e84029d0b64,USD,R-000005,"#N/A",101.0,100.0,100.0,PerUnit,5.0,d9e3dddf-a068-408b-b2e6-934e73deac89,"#N/A"
d88076bd-c5b5-407c-ad19-647a35b0ecc0,USD,R-000002,"#N/A",11.0,135.0,135.0,PerUnit,2.0,664a6275-17b4-484f-81ad-a7e119965714,21.0
d96f4bfe-a64d-4219-b3ae-6b71f1d81d1e,USD,R-000004,"#N/A",51.0,105.0,105.0,PerUnit,4.0,09d9c1e1-3289-4a56-ab73-8ab1e66a2186,101.0
d97071bb-8ff4-4f0f-94ae-907465c41bcb,USD,R-000005,"#N/A",101.0,100.0,100.0,PerUnit,5.0,ddf5fe4c-d3c5-48a3-b5df-74144c934f90,"#N/A"
da1036be-bddb-432b-8705-8c9ba70d4f27,USD,R-000004,"#N/A",51.0,105.0,105.0,PerUnit,4.0,883ddd2e-8a7a-4d22-b18b-56b51382aeec,101.0
da525aab-e841-4142-8c65-4e6d4ad18be3,USD,R-000001,"#N/A",1.0,150.0,150.0,PerUnit,1.0,bf2d166b-355b-4274-a8dd-d344484c3466,11.0
da8c063f-6c87-472f-8de6-ebf7e9a06d62,USD,R-000002,"#N/A",11.0,135.0,135.0,PerUnit,2.0,0992dfe3-c303-4178-bbe4-fcba2610d135,21.0
da9e313b-2505-40b0-9358-60baf7ed00c4,USD,R-000005,"#N/A",101.0,100.0,100.0,PerUnit,5.0,78b5611a-178c-4a9b-9895-038883159900,"#N/A"
dac30322-18b7-4e24-a92f-4b96e396380e,USD,R-000003,"#N/A",21.0,120.0,120.0,PerUnit,3.0,ddf5fe4c-d3c5-48a3-b5df-74144c934f90,51.0
dacbeb4a-e2e5-438a-b611-17e984bd0ec8,USD,R-000001,"#N/A",1.0,150.0,150.0,PerUnit,1.0,d1994168-7443-4554-9d93-c55111849e31,11.0
dad01231-28b1-4c81-8616-951245a3e8bd,USD,R-000001,"#N/A",1.0,150.0,150.0,PerUnit,1.0,d9b19072-57f6-43d9-a032-2dfb37b9b30c,11.0
daeda57b-ed10-4cf8-8c5c-34545b15a7da,USD,R-000003,"#N/A",21.0,120.0,120.0,PerUnit,3.0,351cbb62-7902-4194-a5a1-4614eddbd9f0,51.0
dafd92c7-4470-4e04-98a2-1e745ed1857d,USD,R-000002,"#N/A",11.0,135.0,135.0,PerUnit,2.0,af865cfd-f7ea-4582-880a-68ecb9ad4650,21.0
db5e8b3a-950f-42c3-a22c-411c29187767,USD,R-000004,"#N/A",51.0,105.0,105.0,PerUnit,4.0,1788052b-1860-4983-9557-031225eb2483,101.0
db6101da-34a9-43d1-8851-523edf521d22,USD,R-000004,"#N/A",51.0,105.0,105.0,PerUnit,4.0,78b5611a-178c-4a9b-9895-038883159900,101.0
db745ab4-75e2-4331-8f62-0b6272722cf7,USD,R-000005,"#N/A",101.0,100.0,100.0,PerUnit,5.0,b52661a3-3da3-4365-820c-4ed0e886e249,"#N/A"
db894105-9a3a-4657-b9ef-7681ba9ca9ea,USD,R-000003,"#N/A",21.0,120.0,120.0,PerUnit,3.0,4010e59b-b75f-4edb-a00d-233d55e495df,51.0
dbd9d214-7067-4200-a69e-5c3b58b91f15,USD,R-000005,"#N/A",101.0,100.0,100.0,PerUnit,5.0,1b198f7c-b5b0-4d91-9ba1-9e638d96e114,"#N/A"
dbdef4a4-d38b-477d-af92-88b9d16d95e3,USD,R-000004,"#N/A",51.0,105.0,105.0,PerUnit,4.0,5320e337-852e-45a3-9cc7-ec7410446fe6,101.0
dc1fb832-7786-472b-b42e-586c9b122d5d,USD,R-000004,"#N/A",51.0,105.0,105.0,PerUnit,4.0,249fb429-e83b-47dd-bbfd-34df13eb1169,101.0
dc5e94e4-ad25-4f96-a85c-f2ce25577616,USD,R-000006,"#N/A",0.0,45000.0,45000.0,PerUnit,1.0,21bcf6b1-ada9-4459-8960-ac4eb6147288,3.0
dcce3aa9-e01c-422b-b942-03f46eee0d66,USD,R-000005,"#N/A",101.0,100.0,100.0,PerUnit,5.0,af865cfd-f7ea-4582-880a-68ecb9ad4650,"#N/A"
dd17926a-0297-4923-99d7-3e6c00a58faf,USD,R-000001,"#N/A",1.0,150.0,150.0,PerUnit,1.0,249fb429-e83b-47dd-bbfd-34df13eb1169,11.0
dd5999bd-f415-48ee-9fd6-d5ee7240f947,USD,R-000001,"#N/A",1.0,150.0,150.0,PerUnit,1.0,a3f9f7d5-6b4c-4429-b643-edab1ca118ba,11.0
dd68fef8-cfdd-476b-b3bb-24da8765e4ec,USD,R-000004,"#N/A",51.0,105.0,105.0,PerUnit,4.0,56364b70-5ef1-42df-b4e8-9d529b226c88,101.0
de6baa9b-393d-4d28-94ca-23eb0efd18ba,USD,R-000004,"#N/A",51.0,105.0,105.0,PerUnit,4.0,d7415d9b-e853-4442-a3c7-592267125bb3,101.0
de905b4a-9460-45d4-980c-d800fd0f3afa,USD,R-000004,"#N/A",51.0,105.0,105.0,PerUnit,4.0,345f365d-981d-437d-bb20-fa3d57a9681b,101.0
df6b634e-7572-430e-bb81-010beaa806e3,USD,R-000003,"#N/A",21.0,120.0,120.0,PerUnit,3.0,8c8802a8-342a-4006-b67a-27ede155df3b,51.0
df8557e8-4b14-42de-b95e-40e2536a149a,USD,R-000001,"#N/A",1.0,150.0,150.0,PerUnit,1.0,75026ea8-51c6-4087-bfa5-18bfbc51d5e8,11.0
df8c9fa7-dedd-4687-b311-fff4b64a4256,USD,R-000001,"#N/A",1.0,150.0,150.0,PerUnit,1.0,d8928b4d-a8e1-4275-98e6-212e2429cb28,11.0
dffbf6fe-b080-4029-8f8e-b746936dac29,USD,R-000005,"#N/A",101.0,100.0,100.0,PerUnit,5.0,1539a098-23b6-47ef-854e-5d4dab30f9b5,"#N/A"
e0839ec5-adb8-4acb-9125-75fc18400427,USD,R-000005,"#N/A",101.0,100.0,100.0,PerUnit,5.0,6a1f733d-5c11-439e-995b-05da70cb73e6,"#N/A"
e0a22aeb-1010-4f3b-b3eb-798921e88322,USD,R-000004,"#N/A",51.0,105.0,105.0,PerUnit,4.0,f7af2445-c89b-4110-a227-b39d305ded19,101.0
e0b064de-1f06-49bf-8105-5d1a71df3a9a,USD,R-000003,"#N/A",21.0,120.0,120.0,PerUnit,3.0,78cd8e27-53ea-411d-b043-9a58f44b65f2,51.0
e0b66e28-5ddc-4d63-a2c4-87316a4f4abc,USD,R-000005,"#N/A",101.0,100.0,100.0,PerUnit,5.0,d8c15476-8985-4c64-b845-564b57fc0a6e,"#N/A"
e106f03d-5694-4414-8f3b-57aa48461702,USD,R-000003,"#N/A",21.0,120.0,120.0,PerUnit,3.0,7ed61196-eab3-4c2e-9189-44746b60a826,51.0
e1fb9690-62df-4dda-a359-80a0e1b1f040,USD,R-000005,"#N/A",101.0,100.0,100.0,PerUnit,5.0,13dd5b31-cb15-41e3-b473-d1b247be25b7,"#N/A"
e213f0e9-452b-4667-bb2d-5138d9c9719b,USD,R-000001,"#N/A",1.0,150.0,150.0,PerUnit,1.0,b41e0e4d-ace0-4163-b320-e2247c1cbc65,11.0
e26fe6aa-3c07-4865-a43d-fba1308324dc,USD,R-000005,"#N/A",101.0,100.0,100.0,PerUnit,5.0,d9532868-bacd-4095-bfcb-967b25f9b7ec,"#N/A"
e3885f8d-49c2-4141-9d95-794a8c206339,USD,R-000011,"#N/A",201.0,10.5,10.5,PerUnit,3.0,9ce54e2e-ecf1-48bd-b2b2-881bc031b0a1,301.0
e3a89325-fc9f-4985-93b9-844641af4352,USD,R-000003,"#N/A",21.0,120.0,120.0,PerUnit,3.0,28086ff6-97c0-4129-986b-45e4ce7185d4,51.0
e4272191-eb56-400e-a6e5-0c25aa0d7c74,USD,R-000012,"#N/A",301.0,10.0,10.0,PerUnit,4.0,ca6d8e16-eb65-45e5-a519-7827ba63b22b,"#N/A"
e4366c75-54e7-48de-87fc-89729bcd6172,USD,R-000005,"#N/A",101.0,100.0,100.0,PerUnit,5.0,31b08e85-75c9-41ee-a573-56b2b06887f4,"#N/A"
e4593cec-0f9c-4e38-963e-b3e5bb94b415,USD,R-000004,"#N/A",51.0,105.0,105.0,PerUnit,4.0,b2d74525-18c4-4eae-a7d1-ce574cf9364a,101.0
e54365ad-1d23-4e63-91b9-281f4b2b28b7,USD,R-000001,"#N/A",1.0,150.0,150.0,PerUnit,1.0,da6d66d7-631a-4e08-8491-3e4f9bf38954,11.0
e5c3eb5a-0c2e-438e-a2dd-ba0b851620c8,USD,R-000005,"#N/A",101.0,100.0,100.0,PerUnit,5.0,d4c851fa-d537-43b3-9567-620bd146bc39,"#N/A"
e5e8aa75-5604-4091-a5ee-6b31a6206dc1,USD,R-000003,"#N/A",21.0,120.0,120.0,PerUnit,3.0,dbb5916a-2884-4265-b1e3-02ad2ccca132,51.0
e5f06bc7-fd0d-4d1a-bf1c-cbed615b4f03,USD,R-000008,"#N/A",3.0,50000.0,50000.0,FlatFee,2.0,dbca2c3f-711e-4910-ab83-e37b8831a71e,"#N/A"
e643f362-9d4c-4d09-933d-3442faf27c2f,USD,R-000002,"#N/A",11.0,135.0,135.0,PerUnit,2.0,5be037c4-5bee-454d-9723-4b210352a5a0,21.0
e82b70c8-f2bf-48c8-8347-c268188c78a8,USD,R-000005,"#N/A",101.0,100.0,100.0,PerUnit,5.0,281bba06-eca8-48aa-bc9c-4799be648062,"#N/A"
e834c88d-20ab-40fb-b80f-24bea1cc287e,USD,R-000005,"#N/A",101.0,100.0,100.0,PerUnit,5.0,56364b70-5ef1-42df-b4e8-9d529b226c88,"#N/A"
e87d1258-55b3-47a0-be5e-4cf1f36eb7a3,USD,R-000001,"#N/A",1.0,150.0,150.0,PerUnit,1.0,9ded173a-80b2-4e32-ba10-c34982ccddd6,11.0
e8aaf4d2-c895-47f9-adac-ecbddf583d80,USD,R-000009,"#N/A",1.0,12.0,12.0,PerUnit,1.0,9ce54e2e-ecf1-48bd-b2b2-881bc031b0a1,101.0
e953a825-4e52-4284-809f-4e6635e445f1,USD,R-000004,"#N/A",51.0,105.0,105.0,PerUnit,4.0,8e124a8c-111c-4fec-916f-552a2cf55b1a,101.0
e98416cb-8f41-4ee7-b624-15fa36981341,USD,R-000002,"#N/A",11.0,135.0,135.0,PerUnit,2.0,351cbb62-7902-4194-a5a1-4614eddbd9f0,21.0
e9d2a5d5-b306-4bb6-9efe-93247595ee1a,USD,R-000004,"#N/A",51.0,105.0,105.0,PerUnit,4.0,b52661a3-3da3-4365-820c-4ed0e886e249,101.0
e9f42db3-1df4-4120-861d-812d04437f6f,USD,R-000004,"#N/A",51.0,105.0,105.0,PerUnit,4.0,ab6bb962-693b-4105-9331-3fa17ffd4f18,101.0
eac4e335-0bda-47c0-abce-d559be33ff53,USD,R-000002,"#N/A",11.0,135.0,135.0,PerUnit,2.0,281bba06-eca8-48aa-bc9c-4799be648062,21.0
eaf6e68a-6dc8-472a-8f4a-8c10252a86be,USD,R-000004,"#N/A",51.0,105.0,105.0,PerUnit,4.0,0d4aaa47-d8c2-406b-b735-abab99ee6891,101.0
eb5dd959-7850-4845-8598-def4ad81220e,USD,R-000004,"#N/A",51.0,105.0,105.0,PerUnit,4.0,e8918a3a-8104-4781-a58e-5087c4bd53d8,101.0
ec2f02af-075b-45ae-917d-bedc4a9de62f,USD,R-000003,"#N/A",21.0,120.0,120.0,PerUnit,3.0,ab6bb962-693b-4105-9331-3fa17ffd4f18,51.0
ec8c81a2-f166-4934-8f98-d7cfe6217056,USD,R-000001,"#N/A",1.0,150.0,150.0,PerUnit,1.0,1bbd5c5e-6698-472f-ae52-0f21aa79cb29,11.0
eca5e111-c142-4887-9764-831bcaeb372a,USD,R-000003,"#N/A",21.0,120.0,120.0,PerUnit,3.0,e9d93889-be37-4313-a91c-db9b7e642625,51.0
ece686c0-244f-4cf9-8948-618000c8daf6,USD,R-000003,"#N/A",21.0,120.0,120.0,PerUnit,3.0,cd8b594f-d331-4f4b-9c4c-d5aa979ce444,51.0
ecf2b511-729d-459a-a8c9-95291a919543,USD,R-000005,"#N/A",101.0,100.0,100.0,PerUnit,5.0,14549001-c717-4d40-a5ee-b4de868eb733,"#N/A"
ed988b8f-ad2c-4efb-8c39-e081153fa72c,USD,R-000004,"#N/A",51.0,105.0,105.0,PerUnit,4.0,3593b5c2-ea67-48c3-b164-a4820661f1b2,101.0
ee4920a1-6912-4544-a178-298485e2d16b,USD,R-000001,"#N/A",1.0,150.0,150.0,PerUnit,1.0,0992dfe3-c303-4178-bbe4-fcba2610d135,11.0
eec1aeca-d641-47b6-b8f6-f10e01664e6d,USD,R-000005,"#N/A",101.0,100.0,100.0,PerUnit,5.0,7723026a-5910-4ebc-9964-85dcba850ba4,"#N/A"
eef22b10-2aa9-4a5c-9778-d5b55fd99d96,USD,R-000004,"#N/A",51.0,105.0,105.0,PerUnit,4.0,c361bc2b-8b6e-44f3-84c1-cfc512680f1a,101.0
ef47e464-ea1f-4dcf-ae4d-949168f98607,USD,R-000010,"#N/A",101.0,11.0,11.0,PerUnit,2.0,178119b4-e88a-47c0-9440-2901aef23424,201.0
efa4fd5c-b185-40e9-9188-48fd9cf77108,USD,R-000001,"#N/A",1.0,150.0,150.0,PerUnit,1.0,ddf5fe4c-d3c5-48a3-b5df-74144c934f90,11.0
efa60339-e92d-4807-86b3-ca415c3e0135,USD,R-000004,"#N/A",51.0,105.0,105.0,PerUnit,4.0,c07a4756-318b-4cb4-bcba-b1049f48f1d1,101.0
efcf8f07-b64c-4d54-b2b1-831388806e55,USD,R-000002,"#N/A",11.0,135.0,135.0,PerUnit,2.0,d9e3dddf-a068-408b-b2e6-934e73deac89,21.0
efdb42de-4913-4cd7-9802-7024ee7515e4,USD,R-000003,"#N/A",21.0,120.0,120.0,PerUnit,3.0,31b08e85-75c9-41ee-a573-56b2b06887f4,51.0
f03b226a-7cb0-4fd5-bc01-40cd725ff1ce,USD,R-000003,"#N/A",21.0,120.0,120.0,PerUnit,3.0,345f365d-981d-437d-bb20-fa3d57a9681b,51.0
f048678c-3df8-4b2f-9753-26020cdad90f,USD,R-000005,"#N/A",101.0,100.0,100.0,PerUnit,5.0,d8928b4d-a8e1-4275-98e6-212e2429cb28,"#N/A"
f0ca22ba-7394-4aa8-ae62-7c1c15036b1e,USD,R-000005,"#N/A",101.0,100.0,100.0,PerUnit,5.0,1673b3f0-f20d-4392-b2de-90cd236246ea,"#N/A"
f15dc007-3841-47b5-9012-f1c1226b933d,USD,R-000002,"#N/A",11.0,135.0,135.0,PerUnit,2.0,b2d74525-18c4-4eae-a7d1-ce574cf9364a,21.0
f17c3267-5e96-450f-a677-4c115e553e13,USD,R-000002,"#N/A",11.0,135.0,135.0,PerUnit,2.0,6a1f733d-5c11-439e-995b-05da70cb73e6,21.0
f1f7fb4d-fec2-467a-920b-eb0e1342df1d,USD,R-000003,"#N/A",21.0,120.0,120.0,PerUnit,3.0,56364b70-5ef1-42df-b4e8-9d529b226c88,51.0
f27ad99f-8605-431a-9fd5-eeb527d22579,USD,R-000009,"#N/A",1.0,12.0,12.0,PerUnit,1.0,1229dd79-d94c-43d3-a0d2-240abda368af,101.0
f32279fd-669b-4f79-9fa6-54f4d48b30c2,USD,R-000002,"#N/A",11.0,135.0,135.0,PerUnit,2.0,8e46d3e9-d0d4-42f1-9954-2b7df9c85358,21.0
f35da9be-e11b-4038-a18e-6e3e728ff740,USD,R-000004,"#N/A",51.0,105.0,105.0,PerUnit,4.0,281bba06-eca8-48aa-bc9c-4799be648062,101.0
f41bf2a2-1838-4bf8-a121-2928fcc504d6,USD,R-000004,"#N/A",51.0,105.0,105.0,PerUnit,4.0,d9e3dddf-a068-408b-b2e6-934e73deac89,101.0
f44c160b-7dc3-4aa9-9e25-7ece7d35debc,USD,R-000001,"#N/A",1.0,150.0,150.0,PerUnit,1.0,12fd7c0a-8405-48fa-aae0-a6a3ce35d109,11.0
f461ecf4-d680-4a0b-95f3-3035f472b1d9,USD,R-000002,"#N/A",11.0,135.0,135.0,PerUnit,2.0,d4c851fa-d537-43b3-9567-620bd146bc39,21.0
f5169e14-a1fd-44f6-8464-2e7302f2da08,USD,R-000002,"#N/A",11.0,135.0,135.0,PerUnit,2.0,f199a845-f3d2-4461-ac87-ffb552cb8441,21.0
f59f5a2b-8ca5-40d1-aded-2af427c837b1,USD,R-000003,"#N/A",21.0,120.0,120.0,PerUnit,3.0,a176c64f-4692-4efb-b409-6b5cd7e210bc,51.0
f6121ad5-e411-4e82-a91d-e6d536df5877,USD,R-000006,"#N/A",0.0,45000.0,45000.0,PerUnit,1.0,c1b964a3-042d-4d0d-8796-3cfe6122c1e0,3.0
f638aece-7d18-40dc-8d6a-c501057cd374,USD,R-000005,"#N/A",101.0,100.0,100.0,PerUnit,5.0,c201fcf5-077a-452e-8f5f-d0f7cfe17f66,"#N/A"
f68507b4-0a44-44c6-9e65-823f341df7ab,USD,R-000005,"#N/A",101.0,100.0,100.0,PerUnit,5.0,846fc643-a304-47da-bf12-357945f4fb56,"#N/A"
f6cc2024-550a-4191-af2a-0d7f3046b3be,USD,R-000003,"#N/A",21.0,120.0,120.0,PerUnit,3.0,c668bff5-03e6-446d-86be-95defd8fc944,51.0
f7123fdd-00f7-45dc-a06f-00ed3ee01067,USD,R-000001,"#N/A",1.0,150.0,150.0,PerUnit,1.0,9191a87b-0547-4cfe-abc3-807034538bce,11.0
f74f5365-e009-4739-ad6e-c4ff84997876,USD,R-000002,"#N/A",11.0,135.0,135.0,PerUnit,2.0,14549001-c717-4d40-a5ee-b4de868eb733,21.0
f75bf5ed-cb6e-430d-8864-3da2819d36b6,USD,R-000003,"#N/A",21.0,120.0,120.0,PerUnit,3.0,14784cd4-82aa-43bb-ae05-9270c36bf64b,51.0
f7c4f530-dd0e-431f-b752-1b937a1227d7,USD,R-000008,"#N/A",3.0,50000.0,50000.0,FlatFee,2.0,c1b964a3-042d-4d0d-8796-3cfe6122c1e0,"#N/A"
f7cbd80b-fcdf-47ba-873f-006f9ced4e7d,USD,R-000004,"#N/A",51.0,105.0,105.0,PerUnit,4.0,3882f13c-7d18-4046-8f59-1020f1ce14fa,101.0
f82f8863-465e-4113-a467-c204341f97ea,USD,R-000004,"#N/A",51.0,105.0,105.0,PerUnit,4.0,b41e0e4d-ace0-4163-b320-e2247c1cbc65,101.0
f8868257-1221-4be3-9213-2e4c1c9bf43e,USD,R-000003,"#N/A",21.0,120.0,120.0,PerUnit,3.0,75026ea8-51c6-4087-bfa5-18bfbc51d5e8,51.0
f9f397e0-cc8e-4510-98f9-13a11f96fefe,USD,R-000011,"#N/A",201.0,10.5,10.5,PerUnit,3.0,897fd00a-afe2-406c-b6e6-371890f4c9a7,301.0
fa76bc45-7af0-41f8-afb5-34087820be9b,USD,R-000003,"#N/A",21.0,120.0,120.0,PerUnit,3.0,d61690ba-d555-49a5-beac-ea3c1b937071,51.0
fa8e5e70-818d-49a5-9882-491c31995e6b,USD,R-000003,"#N/A",21.0,120.0,120.0,PerUnit,3.0,f2792fc2-13ff-4ac7-83f9-735e886ebe17,51.0
faf95e75-b7f4-442b-91d9-9bc7a2148ba7,USD,R-000004,"#N/A",51.0,105.0,105.0,PerUnit,4.0,22268117-9bb1-4023-ba5f-2ad98a1e3aeb,101.0
fb8a2bf3-0f3f-44f8-974c-0310eca94850,USD,R-000001,"#N/A",1.0,150.0,150.0,PerUnit,1.0,7ed61196-eab3-4c2e-9189-44746b60a826,11.0
fbe2ab14-711f-4b8b-ad70-2bf02b5fb98a,USD,R-000004,"#N/A",51.0,105.0,105.0,PerUnit,4.0,95b1ee24-80f5-4fa7-b1e4-f98a6e1daae0,101.0
fc511b25-5eaa-4309-9403-81fcee362caa,USD,R-000004,"#N/A",51.0,105.0,105.0,PerUnit,4.0,7ed61196-eab3-4c2e-9189-44746b60a826,101.0
fc5abf61-3480-4eb9-bb41-30b189f9d4ea,USD,R-000001,"#N/A",1.0,150.0,150.0,PerUnit,1.0,d366fb4c-c3b4-40ad-98ac-bf0ce943be48,11.0
fc83e2c9-c592-48fc-b353-09a261ba9faa,USD,R-000001,"#N/A",1.0,150.0,150.0,PerUnit,1.0,6a1f733d-5c11-439e-995b-05da70cb73e6,11.0
fd1a2ead-0411-4c6d-b2bc-636ea7577262,USD,R-000004,"#N/A",51.0,105.0,105.0,PerUnit,4.0,03d1e1db-2ae9-426e-9e3e-1cda7d6027fd,101.0
fd530aec-9904-454c-bb23-c50ba4f8ba6f,USD,R-000005,"#N/A",101.0,100.0,100.0,PerUnit,5.0,3d194e4a-219a-467f-b945-53b185f5d990,"#N/A"
fd83d152-d44d-4fa3-85a2-8aeeae44d78b,USD,R-000002,"#N/A",11.0,135.0,135.0,PerUnit,2.0,7b3ae318-2d20-4605-905b-e3667d1c1088,21.0
fdc50559-b5f2-4b9f-ae88-5717210da590,USD,R-000002,"#N/A",11.0,135.0,135.0,PerUnit,2.0,78cd8e27-53ea-411d-b043-9a58f44b65f2,21.0
fdd9e866-c439-4338-a88b-e2e351284ca4,USD,R-000002,"#N/A",11.0,135.0,135.0,PerUnit,2.0,dbb5916a-2884-4265-b1e3-02ad2ccca132,21.0
fe46ca0b-e8a0-45a9-8ca3-55783a3dcd97,USD,R-000005,"#N/A",101.0,100.0,100.0,PerUnit,5.0,1788052b-1860-4983-9557-031225eb2483,"#N/A"
fec226a3-1804-4a09-a0d8-f3c0dd83ce2b,USD,R-000001,"#N/A",1.0,150.0,150.0,PerUnit,1.0,4ff77f6a-120f-4d15-9f3a-3dd8168a7a65,11.0
fed4760a-f5b3-4bb2-86a4-1047c7f10a10,USD,R-000002,"#N/A",11.0,135.0,135.0,PerUnit,2.0,c5c6498b-ebfe-48a2-9893-47b747513c20,21.0
feda67c0-9a86-49af-81c7-fc6c033defd9,USD,R-000005,"#N/A",101.0,100.0,100.0,PerUnit,5.0,a176c64f-4692-4efb-b409-6b5cd7e210bc,"#N/A"
feffaace-99e8-42cc-bea9-08a7f5acf629,USD,R-000009,"#N/A",1.0,12.0,12.0,PerUnit,1.0,529d389c-1d59-481d-aac8-8edbbf779c00,101.0
